State,CropType,Year,LandSize(ha),FertilizerUsage(kg_ha),PesticideUsage(kg_ha),AvgTemperature(C),AnnualRainfall(mm),Latitude,Longitude,Yield(kg_ha)
Maharashtra,Wheat,2016,6.34,268.46,10.67,29.14,956.86,19.7644,74.8261,2655.59
West Bengal,Wheat,2019,4.4,114.65,7.33,29.65,1406.24,22.9737,88.1083,2626.93
Punjab,Maize,2023,5.29,160.59,26.43,23.31,700.34,31.3654,74.0512,2426.99
Haryana,Wheat,2023,6.38,83.04,37.76,27.15,653.01,30.1519,76.7085,2848.59
Uttar Pradesh,Rice,2015,7.32,203.46,32.4,25.2,923.79,26.9399,82.8804,2880.73
West Bengal,Maize,2017,3.77,259.16,39.85,30.12,1432.43,22.3958,87.4607,2330.43
Uttar Pradesh,Wheat,2016,1.61,128.95,33.82,26.58,997.62,25.6184,82.4154,2888.02
Uttar Pradesh,Wheat,2024,5.53,239.8,39.55,27.48,853.58,25.2794,82.3874,3020.96
West Bengal,Maize,2023,3.31,261.66,5.08,27.83,1519.05,22.4967,88.9373,2401.63
Punjab,Wheat,2022,2.36,82.59,25.17,26.24,707.44,30.0717,74.9845,2699.51
Punjab,Rice,2015,5.09,116.58,6.71,26.53,593.73,31.4236,74.0987,2790.67
Maharashtra,Wheat,2021,6.59,144.23,27.77,26.49,998.0,19.0734,73.5433,2744.42
Punjab,Wheat,2020,5.92,288.75,41.02,25.67,669.0,30.251,74.9362,2892.8
Uttar Pradesh,Rice,2023,8.86,223.6,7.41,27.35,954.81,25.8103,80.7103,3209.25
Punjab,Rice,2015,6.19,211.11,39.99,25.23,711.78,31.3905,75.8965,3198.37
Uttar Pradesh,Wheat,2021,5.72,135.12,33.47,26.74,927.33,25.9723,82.9667,2839.45
Uttar Pradesh,Rice,2015,1.23,55.85,30.49,26.42,855.55,27.1067,80.4667,2976.65
Uttar Pradesh,Rice,2016,7.11,120.47,27.02,25.37,814.42,26.8557,80.7056,3016.82
West Bengal,Maize,2018,7.84,230.72,22.97,29.75,1571.17,22.0296,87.8396,2279.88
West Bengal,Wheat,2018,5.66,194.67,41.29,30.96,1401.42,23.6274,87.4204,2719.23
West Bengal,Maize,2018,9.83,82.67,3.24,30.02,1491.13,22.8597,87.3609,2180.8
Haryana,Maize,2022,6.51,209.92,7.37,27.25,511.05,30.1659,76.6693,2421.08
Punjab,Rice,2016,2.95,209.78,21.31,23.66,678.32,30.2588,74.1033,2874.46
Punjab,Rice,2021,6.85,64.82,15.64,23.35,677.47,30.3644,75.7235,3093.17
Uttar Pradesh,Maize,2018,7.45,89.34,2.58,26.43,975.82,25.3179,82.5899,2285.16
Maharashtra,Rice,2017,6.66,246.37,38.61,27.92,992.64,18.6046,74.9231,2985.2
Haryana,Rice,2015,7.29,99.03,17.88,26.79,677.05,30.3639,77.2553,3081.94
Haryana,Rice,2024,4.78,204.85,20.59,27.23,506.35,29.0391,76.4622,2896.87
Punjab,Maize,2017,9.59,158.57,37.47,25.56,586.85,31.2191,74.2592,2656.72
Punjab,Wheat,2024,8.03,208.29,35.69,24.79,603.05,31.3771,74.3926,2734.25
Haryana,Rice,2015,4.36,120.63,22.0,27.06,605.35,29.0386,76.5755,3058.66
Maharashtra,Rice,2017,4.03,234.64,11.68,28.6,1095.46,19.7587,74.8068,3045.06
Haryana,Rice,2022,7.17,169.65,46.04,26.88,684.83,28.7283,77.0001,3019.23
Haryana,Maize,2015,5.21,236.54,8.44,26.27,631.2,29.3942,76.953,2584.54
West Bengal,Maize,2020,2.53,207.02,33.31,28.23,1552.79,22.0784,87.8037,2177.79
Maharashtra,Wheat,2024,1.76,132.18,34.45,26.93,962.18,18.0645,73.6081,2758.68
Punjab,Maize,2017,6.79,147.01,18.19,23.01,696.44,31.0406,74.2824,2536.16
Haryana,Wheat,2015,6.62,245.18,9.36,27.03,647.05,28.5758,76.9911,2945.92
Punjab,Maize,2015,4.55,207.34,33.17,26.22,722.89,31.3282,74.0629,2439.16
West Bengal,Rice,2022,8.9,78.76,45.22,30.12,1460.26,22.6331,87.356,2697.72
Maharashtra,Maize,2024,6.82,197.75,19.51,27.94,1027.68,19.8173,73.8932,2432.96
Haryana,Rice,2023,5.16,126.64,44.21,24.19,544.67,28.9697,77.4299,3017.77
Uttar Pradesh,Maize,2015,1.65,210.64,33.11,27.34,918.48,27.0363,80.8794,2417.29
Haryana,Rice,2019,7.77,231.09,7.85,24.75,599.64,29.193,76.9099,2974.2
Maharashtra,Rice,2024,6.36,182.54,48.09,28.16,964.7,18.1642,73.8596,3117.92
West Bengal,Wheat,2021,8.88,229.11,19.81,29.65,1407.78,22.6932,87.157,2763.23
Maharashtra,Wheat,2017,2.52,63.08,13.9,28.61,957.4,19.7543,73.3666,2681.92
Uttar Pradesh,Maize,2018,5.04,137.48,48.14,28.87,804.17,25.6074,81.7662,2497.98
Uttar Pradesh,Maize,2023,1.06,277.39,5.58,27.69,887.03,26.8784,81.4908,2561.76
Haryana,Maize,2024,4.13,109.98,40.09,24.51,606.18,29.2921,76.8065,2500.14
Punjab,Rice,2016,4.54,220.22,40.09,23.69,627.56,30.7735,75.4999,2884.39
Punjab,Rice,2020,7.05,95.51,31.66,24.48,744.44,30.7679,75.1235,3203.18
Uttar Pradesh,Wheat,2023,3.81,222.64,14.77,27.8,889.85,25.3014,82.1783,2667.61
Uttar Pradesh,Maize,2023,5.17,103.47,4.88,25.51,996.54,27.7336,80.7648,2480.06
Punjab,Maize,2017,9.05,181.61,23.27,24.75,631.66,31.1692,74.7319,2700.36
Punjab,Wheat,2023,8.14,192.87,45.8,23.91,643.89,31.2067,75.7634,2667.29
West Bengal,Wheat,2015,9.14,264.88,7.99,27.95,1529.81,23.022,87.2112,2414.04
Uttar Pradesh,Wheat,2016,8.15,170.33,27.66,28.69,813.91,25.1592,82.4898,2747.66
Haryana,Wheat,2023,5.8,76.43,24.22,25.69,580.65,29.9747,76.1924,2547.19
Punjab,Maize,2024,7.42,58.6,38.2,25.02,576.56,30.5292,75.8395,2635.91
West Bengal,Maize,2016,9.45,71.57,47.04,28.38,1506.22,22.8186,87.2786,2153.09
Punjab,Wheat,2020,4.75,281.64,26.97,25.17,581.42,30.8052,74.4609,2842.18
Punjab,Rice,2020,2.13,139.36,34.58,26.72,684.2,30.2971,75.7357,2986.2
Uttar Pradesh,Rice,2020,3.43,223.94,35.11,25.84,831.31,25.8697,81.6713,2931.32
Haryana,Rice,2019,6.06,242.82,4.51,25.39,501.56,29.279,76.8667,2840.94
Haryana,Wheat,2019,9.95,280.9,20.28,26.97,624.95,29.8342,77.1333,2921.39
Punjab,Wheat,2021,5.89,181.06,10.92,25.92,748.94,30.0784,74.3576,2796.98
Haryana,Rice,2016,9.15,244.65,9.61,27.85,651.28,30.0715,77.424,3044.76
Uttar Pradesh,Maize,2019,6.58,207.9,20.12,25.75,980.14,25.4172,81.7228,2497.68
Maharashtra,Wheat,2019,4.43,77.88,27.6,27.86,1066.21,19.0564,73.4087,2531.69
Punjab,Wheat,2021,2.96,176.66,38.93,26.29,627.25,30.0551,74.2908,2990.08
Uttar Pradesh,Maize,2023,6.95,145.24,13.44,27.68,854.8,26.6501,80.1488,2677.6
Haryana,Wheat,2018,3.69,150.97,10.91,26.42,633.38,29.9455,76.5604,2842.91
West Bengal,Wheat,2020,3.03,245.37,43.88,27.44,1466.32,22.2283,88.4126,2648.1
Punjab,Rice,2022,8.67,165.13,48.77,23.61,708.66,30.6039,75.7083,3034.92
Uttar Pradesh,Wheat,2023,9.89,256.24,15.91,28.22,976.67,26.1472,82.4993,2637.0
West Bengal,Rice,2022,1.21,138.64,5.02,27.7,1434.8,22.6314,87.2122,2679.8
Haryana,Wheat,2023,8.31,95.98,43.3,24.24,548.91,29.6818,76.3936,2876.12
Maharashtra,Rice,2018,8.91,270.59,29.71,26.52,978.08,18.0058,74.3899,3217.29
Uttar Pradesh,Wheat,2022,6.41,286.31,13.01,25.0,825.74,26.4245,80.8998,2988.11
Maharashtra,Wheat,2015,8.15,70.07,7.07,28.32,1015.93,19.826,73.0643,2695.65
Uttar Pradesh,Wheat,2024,1.46,74.73,43.97,25.29,938.24,25.637,82.763,2758.81
Uttar Pradesh,Maize,2024,5.19,66.44,12.3,26.69,800.96,27.2994,81.9612,2656.87
Uttar Pradesh,Maize,2021,8.76,189.17,42.1,28.08,825.33,25.2183,80.6289,2717.11
Haryana,Rice,2021,7.62,101.79,38.52,26.74,617.93,29.7089,77.1155,3010.73
Uttar Pradesh,Wheat,2015,4.63,253.08,26.57,26.35,802.94,26.4911,81.3537,2910.7
Maharashtra,Rice,2015,5.83,110.48,15.68,26.83,957.23,19.9688,74.9557,3008.72
Uttar Pradesh,Wheat,2019,6.76,135.07,49.84,28.32,992.12,26.8015,80.4328,2592.89
Maharashtra,Rice,2024,3.04,56.2,4.88,28.21,998.85,18.3733,74.9945,3031.26
Haryana,Maize,2021,9.66,98.77,16.48,24.28,625.12,28.7469,76.0902,2391.6
Uttar Pradesh,Rice,2018,6.47,275.62,3.79,27.87,876.29,27.9449,80.1693,3024.56
West Bengal,Maize,2018,3.32,140.28,30.96,28.6,1591.93,22.8361,88.2861,2346.65
Uttar Pradesh,Rice,2022,7.7,289.26,5.14,26.22,915.23,25.7283,82.053,3075.22
Haryana,Rice,2020,1.67,80.79,34.11,26.98,593.73,29.8963,76.6752,2946.6
Uttar Pradesh,Maize,2020,5.48,122.24,14.88,26.85,803.84,26.7304,81.4077,2611.02
West Bengal,Rice,2016,9.84,77.77,13.07,28.24,1556.55,23.039,88.6707,2594.81
West Bengal,Wheat,2020,9.41,142.83,2.81,27.12,1438.05,22.7192,87.5308,2459.81
Haryana,Rice,2019,5.42,133.21,33.67,26.08,668.8,28.5398,77.1623,3208.35
Uttar Pradesh,Wheat,2015,9.12,194.36,37.18,27.97,821.68,26.7984,82.5268,3026.29
Haryana,Maize,2017,6.53,164.18,21.8,24.99,661.3,30.2213,77.4811,2614.36
Maharashtra,Wheat,2023,6.1,292.7,25.55,26.93,996.27,18.8526,74.7466,2671.86
Haryana,Wheat,2023,9.6,235.18,48.6,26.16,584.03,29.6224,77.3466,3002.48
Haryana,Wheat,2020,6.89,231.48,2.13,25.96,517.08,28.681,76.5788,2713.01
Punjab,Rice,2020,6.65,66.27,29.12,25.77,615.58,30.6838,74.4322,2969.04
Punjab,Wheat,2021,8.43,85.51,42.27,24.13,551.59,30.2927,75.1741,2666.72
Haryana,Rice,2016,8.48,113.16,8.07,26.73,685.2,28.9784,76.0625,3094.49
Haryana,Wheat,2024,1.91,59.16,16.14,25.84,622.89,28.6209,77.3235,2872.32
West Bengal,Wheat,2021,2.07,139.86,25.5,28.3,1445.19,23.1816,88.7669,2680.85
Haryana,Wheat,2024,4.24,128.54,46.97,24.2,548.52,29.2154,77.1501,2794.45
Uttar Pradesh,Rice,2022,3.63,71.72,37.95,28.54,818.89,27.0721,80.0612,3016.42
West Bengal,Maize,2019,7.1,56.96,12.85,27.59,1591.2,23.5492,87.2153,2208.89
Haryana,Maize,2019,6.53,77.08,10.0,27.42,611.4,29.5352,76.8315,2475.54
Punjab,Wheat,2022,9.5,159.02,43.26,26.36,700.87,30.7817,75.9002,2821.44
Uttar Pradesh,Maize,2017,1.75,70.28,1.16,28.45,890.57,25.0499,82.482,2556.94
Maharashtra,Wheat,2024,5.75,118.44,15.0,28.4,1060.27,19.7632,74.0322,2747.43
Maharashtra,Rice,2024,2.97,283.8,16.82,28.01,947.99,18.0503,74.4594,2998.05
Maharashtra,Wheat,2020,6.34,94.89,48.88,27.37,929.86,18.2559,73.7819,2926.87
Maharashtra,Maize,2022,3.05,213.73,25.51,28.53,1079.58,18.9447,73.726,2395.57
Uttar Pradesh,Maize,2023,8.12,233.67,14.9,25.82,820.64,27.7676,81.4916,2705.52
West Bengal,Wheat,2018,7.31,149.37,43.74,29.32,1503.25,22.1315,87.614,2477.64
West Bengal,Maize,2023,7.73,155.78,36.83,27.37,1590.01,22.1874,88.0986,2030.92
Maharashtra,Wheat,2016,6.38,107.68,38.38,26.5,1035.18,19.2684,74.3099,2919.73
Haryana,Maize,2023,6.69,94.74,8.63,26.84,618.84,29.0912,77.4451,2635.82
Punjab,Maize,2018,3.9,283.94,29.02,25.47,733.95,31.0818,74.1153,2734.39
Uttar Pradesh,Wheat,2024,7.52,256.03,20.87,25.29,889.92,27.8954,82.8835,2941.63
Punjab,Rice,2021,6.27,260.55,33.56,24.25,605.36,31.2236,75.883,3069.69
West Bengal,Rice,2022,7.76,145.33,11.94,30.36,1431.58,23.3608,88.6255,2748.93
West Bengal,Rice,2017,1.52,54.73,40.0,29.51,1553.57,23.6044,87.5469,2710.11
Punjab,Maize,2019,10.0,100.66,9.53,24.86,617.11,31.0991,74.7391,2499.56
Haryana,Wheat,2022,9.57,214.77,32.23,27.0,535.5,28.9795,76.0833,2814.55
Uttar Pradesh,Wheat,2023,7.07,237.25,34.13,26.38,942.03,25.3491,82.9319,3008.28
West Bengal,Rice,2022,1.05,231.47,8.08,28.33,1421.91,22.9214,87.1466,2653.49
Haryana,Rice,2024,3.87,130.2,2.85,27.55,590.63,29.0947,76.6842,3084.82
Maharashtra,Maize,2020,3.83,246.13,28.28,28.5,961.27,18.8048,74.676,2498.44
Maharashtra,Wheat,2016,3.83,231.04,46.57,27.07,955.79,18.2348,74.8873,2929.45
Punjab,Rice,2016,2.83,112.38,16.42,24.39,563.64,30.6541,74.3048,2872.56
Maharashtra,Maize,2019,6.94,152.11,4.99,29.97,962.99,19.712,74.2654,2444.95
Haryana,Rice,2015,6.65,87.79,25.12,26.58,692.14,29.7596,76.6889,3135.38
Uttar Pradesh,Wheat,2022,1.03,186.24,3.37,26.26,823.65,26.2655,81.9994,2924.52
West Bengal,Maize,2015,6.58,258.54,38.15,28.32,1519.01,22.6982,87.8305,2305.39
Uttar Pradesh,Wheat,2022,2.04,116.92,2.23,25.21,900.97,27.2934,81.6693,2801.56
Punjab,Rice,2015,2.62,264.28,5.57,26.27,616.77,30.677,74.9124,2906.38
Maharashtra,Maize,2015,1.26,101.57,28.54,26.93,965.27,18.4037,74.1218,2465.22
Maharashtra,Maize,2016,7.08,218.65,36.83,27.39,983.12,18.9329,74.1139,2622.73
Maharashtra,Rice,2022,3.61,176.9,32.62,29.09,992.44,19.0169,73.2535,2914.66
Haryana,Wheat,2016,9.79,225.48,14.96,25.91,528.37,29.739,76.794,2961.6
Maharashtra,Maize,2020,1.65,77.83,33.65,29.93,999.43,18.7303,73.4118,2535.33
Maharashtra,Rice,2017,1.43,111.51,35.82,27.37,1001.9,18.4911,74.2908,2808.32
Haryana,Wheat,2022,1.15,237.44,24.57,26.35,537.44,29.5071,77.2159,2782.82
Haryana,Rice,2024,2.54,101.4,22.43,24.71,669.27,29.2783,76.75,2885.59
West Bengal,Maize,2019,7.27,172.58,24.84,28.47,1515.06,23.4538,88.7201,2033.16
Uttar Pradesh,Wheat,2018,8.75,157.58,43.83,27.68,823.05,27.7108,80.4129,2720.82
Punjab,Maize,2017,1.25,226.27,36.92,23.76,689.1,30.5416,74.4219,2580.33
Uttar Pradesh,Wheat,2024,7.65,150.36,18.61,28.99,901.08,27.5892,80.794,2756.25
West Bengal,Rice,2016,8.0,200.52,26.27,28.77,1472.84,22.1577,88.4194,2573.09
Punjab,Wheat,2017,5.27,274.83,18.89,25.52,739.38,31.4989,74.5553,2834.49
Punjab,Maize,2016,6.94,130.76,9.81,24.21,588.5,30.4742,75.6877,2297.66
Haryana,Rice,2020,5.67,166.06,17.11,27.47,619.24,28.5106,77.0853,3085.97
Uttar Pradesh,Wheat,2018,8.34,73.25,43.29,27.92,890.53,27.1677,82.4378,2690.56
Haryana,Wheat,2021,2.04,230.37,31.77,25.62,525.84,28.8379,77.2107,2747.61
Maharashtra,Maize,2019,1.94,179.74,48.84,28.87,915.23,18.8632,74.9614,2541.81
West Bengal,Maize,2022,1.22,173.41,29.31,29.44,1495.68,23.2916,87.4267,2408.73
Uttar Pradesh,Maize,2017,7.87,65.13,36.92,26.02,854.02,26.6687,80.7661,2590.48
West Bengal,Maize,2016,2.12,195.55,45.49,27.44,1579.32,22.3062,87.0235,2283.3
Punjab,Maize,2021,9.69,266.93,13.92,24.93,648.24,30.3412,74.6806,2668.23
Uttar Pradesh,Maize,2020,8.76,67.77,11.05,26.61,816.98,25.1436,80.2198,2384.49
Uttar Pradesh,Maize,2018,9.16,204.6,1.62,25.73,983.8,25.2868,81.4921,2598.44
Punjab,Wheat,2017,3.69,118.44,28.87,25.52,697.19,30.0419,74.0991,2769.33
Haryana,Maize,2021,9.79,229.66,48.5,24.07,684.62,30.075,77.4655,2417.08
Maharashtra,Wheat,2016,8.6,176.83,18.36,29.64,1065.0,18.6572,74.8056,2846.47
West Bengal,Rice,2015,6.26,176.36,47.98,28.05,1409.29,23.0426,88.7742,2972.93
West Bengal,Maize,2022,7.57,247.9,20.95,27.3,1527.89,22.4459,88.9432,2212.95
West Bengal,Maize,2023,4.08,235.16,42.38,30.02,1592.96,22.9404,88.054,2245.01
Uttar Pradesh,Rice,2017,5.03,234.62,20.91,28.03,818.45,27.961,81.1243,3278.44
West Bengal,Rice,2023,5.96,89.53,7.85,30.37,1469.4,22.0791,87.6981,2630.69
Punjab,Rice,2015,4.61,242.12,22.6,26.3,641.31,30.6913,74.4846,2867.71
Maharashtra,Rice,2024,3.73,206.38,8.35,29.46,1084.81,19.6301,74.6032,2822.15
Maharashtra,Wheat,2023,7.1,179.0,39.13,28.16,1003.63,18.9873,74.2361,2904.27
Uttar Pradesh,Wheat,2018,5.41,248.73,16.83,25.9,968.39,26.0736,82.6284,2922.64
Uttar Pradesh,Wheat,2022,1.12,153.22,5.78,26.45,848.82,25.9249,82.755,2942.76
Uttar Pradesh,Rice,2018,3.19,123.89,9.59,27.38,988.86,27.4187,81.7524,3114.06
Maharashtra,Maize,2022,2.47,68.19,18.68,27.37,1021.14,18.982,73.361,2352.4
West Bengal,Wheat,2017,3.79,229.25,39.6,30.26,1569.12,22.8107,88.9774,2371.31
Punjab,Wheat,2019,8.07,71.04,42.91,24.61,734.39,31.2019,74.5777,3001.66
Maharashtra,Maize,2019,9.11,94.28,14.9,27.43,983.1,18.4253,73.1653,2472.6
Maharashtra,Maize,2022,3.47,103.85,42.02,27.33,1084.16,19.8944,74.8109,2410.35
West Bengal,Wheat,2015,6.54,221.39,21.84,30.29,1526.05,23.4401,87.131,2325.75
West Bengal,Maize,2021,8.83,258.64,4.25,29.91,1566.07,23.1944,87.0912,2324.9
Maharashtra,Rice,2024,3.85,210.55,17.87,28.46,928.58,18.5704,73.4836,2940.46
Punjab,Maize,2022,3.18,98.36,34.2,25.55,610.4,31.112,75.3093,2585.18
Haryana,Rice,2022,1.09,259.02,9.63,27.36,694.23,29.773,76.299,2998.58
West Bengal,Maize,2015,4.28,178.31,47.71,27.48,1420.91,23.3527,88.2264,2175.97
West Bengal,Maize,2020,6.03,237.76,33.05,27.73,1408.04,22.4177,88.2842,2505.44
Maharashtra,Wheat,2020,2.96,94.26,5.22,29.55,1038.79,18.7241,74.3319,2746.55
West Bengal,Wheat,2015,4.18,146.22,39.54,28.04,1557.58,23.7203,88.1105,2641.61
Haryana,Rice,2019,7.65,286.1,39.22,24.34,503.53,29.1843,76.3006,2889.34
Uttar Pradesh,Wheat,2017,9.85,232.96,18.29,26.06,915.52,27.3861,82.0062,2966.64
Haryana,Wheat,2018,8.49,62.58,17.78,24.23,593.47,28.8628,76.1688,2786.08
Haryana,Wheat,2019,3.37,107.61,25.5,25.95,632.63,28.8711,77.0556,2784.76
Punjab,Wheat,2018,7.24,171.9,4.21,24.16,703.95,31.136,74.4319,2696.79
Punjab,Maize,2021,5.62,235.99,48.55,23.18,739.27,30.7905,74.8668,2539.58
Maharashtra,Rice,2019,8.25,146.4,14.6,26.02,1067.08,18.5739,73.8751,2956.49
Maharashtra,Rice,2015,8.52,152.76,26.64,29.91,933.76,18.7676,74.4433,2925.88
Haryana,Rice,2021,6.04,74.86,42.2,24.3,635.59,28.975,77.0592,2867.47
Maharashtra,Rice,2016,7.52,70.58,44.61,29.11,982.34,19.7254,74.4768,3096.44
West Bengal,Maize,2015,7.33,170.86,25.82,30.2,1534.26,23.5638,87.8007,2272.17
Punjab,Wheat,2015,6.04,197.79,1.65,26.43,708.9,30.2196,75.83,3026.74
Uttar Pradesh,Wheat,2019,1.04,89.34,49.6,27.88,885.25,26.7244,82.6326,2702.51
West Bengal,Rice,2016,7.43,267.99,13.15,27.95,1505.16,23.3718,87.5732,2703.54
Haryana,Maize,2021,9.96,209.91,43.46,27.3,622.15,28.6044,76.8232,2694.8
West Bengal,Wheat,2015,2.34,78.79,44.74,29.74,1528.61,22.2421,87.299,2493.77
Punjab,Wheat,2021,3.79,240.51,21.35,23.19,680.61,31.1926,75.4687,2680.11
Punjab,Rice,2016,7.88,71.54,44.12,23.79,702.96,31.0813,74.5774,3181.19
Punjab,Maize,2024,5.0,225.48,35.78,25.59,551.41,30.9742,75.1783,2669.09
Uttar Pradesh,Wheat,2020,2.54,133.87,34.3,25.87,804.45,27.9121,82.323,2709.24
Punjab,Rice,2019,8.0,97.21,10.8,23.76,690.28,30.443,74.8908,3081.87
Uttar Pradesh,Wheat,2024,2.19,200.14,31.12,25.11,996.7,27.0631,81.2145,2899.5
Maharashtra,Rice,2015,6.95,194.67,37.95,26.44,1038.8,18.7061,74.1675,2854.56
Punjab,Wheat,2024,1.91,271.64,8.34,23.98,624.55,30.9959,74.3201,2893.66
West Bengal,Rice,2022,8.63,288.44,29.53,28.78,1505.45,22.0424,87.9628,2718.04
Punjab,Wheat,2020,3.47,149.69,28.19,23.32,556.53,30.9797,74.2795,2796.25
Punjab,Rice,2018,1.17,96.68,29.92,25.98,592.15,31.4722,74.9063,3158.15
Haryana,Rice,2017,7.44,117.7,37.82,26.64,656.97,30.4566,76.2239,2832.24
Maharashtra,Maize,2021,2.3,139.52,21.46,26.76,974.77,18.4864,73.5854,2582.41
Uttar Pradesh,Wheat,2020,7.06,198.52,35.59,28.64,835.45,27.9711,80.7776,2782.19
Punjab,Wheat,2024,4.39,76.01,23.19,24.63,685.88,30.0338,75.5844,2757.75
Maharashtra,Rice,2020,9.75,120.16,13.51,28.91,1038.03,18.8846,74.2338,2964.2
Maharashtra,Rice,2024,9.0,252.13,21.15,26.27,998.4,19.5478,73.6399,3153.6
Haryana,Maize,2021,9.46,113.06,46.87,27.77,555.4,30.2782,77.3326,2433.99
Maharashtra,Wheat,2020,5.03,51.74,14.1,28.3,1095.72,19.4394,73.032,2719.07
Punjab,Rice,2020,9.69,204.31,35.27,25.69,691.12,31.2074,74.8149,2942.53
Punjab,Wheat,2020,7.53,135.79,30.73,26.87,644.35,31.4988,74.3663,2676.2
Maharashtra,Rice,2016,8.39,162.23,44.48,26.35,1027.55,18.5136,73.3611,2870.33
Punjab,Rice,2019,8.49,106.33,1.83,24.08,630.16,30.1026,74.1337,2843.95
Maharashtra,Maize,2016,6.24,298.66,43.33,29.11,1056.42,18.1934,74.1944,2708.93
Uttar Pradesh,Wheat,2021,1.28,62.99,4.39,27.3,975.62,25.2024,81.2051,2724.08
Maharashtra,Wheat,2021,1.47,150.19,44.81,28.99,1076.48,18.1049,73.9008,2543.18
Haryana,Maize,2021,6.14,295.71,14.92,25.66,524.21,30.39,76.7277,2368.7
Punjab,Maize,2024,5.29,282.6,42.84,25.84,640.38,30.9797,75.6759,2653.79
Punjab,Maize,2023,5.42,240.0,45.92,26.83,615.29,30.0369,75.1788,2677.03
Maharashtra,Rice,2022,8.29,161.14,27.77,27.59,910.27,19.2847,73.6,3075.36
Uttar Pradesh,Maize,2016,9.16,263.84,16.89,27.75,970.61,27.8105,81.4928,2510.08
West Bengal,Wheat,2018,9.98,155.68,7.99,27.13,1453.67,22.7409,87.8631,2436.93
West Bengal,Rice,2019,3.9,242.04,18.99,30.84,1537.13,23.1431,88.6978,2592.66
West Bengal,Maize,2018,9.52,76.36,26.51,27.75,1451.76,22.1065,87.3697,2244.8
Maharashtra,Rice,2021,6.43,102.01,36.6,27.45,1046.74,18.5704,73.3153,2866.7
West Bengal,Wheat,2020,2.25,205.47,2.49,30.1,1590.03,22.9934,87.2439,2655.11
Haryana,Wheat,2016,6.8,258.76,2.47,24.5,655.21,28.9392,76.7102,2960.96
Uttar Pradesh,Rice,2018,1.69,282.37,7.78,27.8,807.62,27.3706,82.5752,3049.87
Haryana,Maize,2020,3.6,127.53,9.49,25.78,596.85,30.3139,76.5922,2302.09
West Bengal,Rice,2018,3.86,271.55,2.89,29.46,1595.32,22.7996,87.1879,2533.09
Punjab,Rice,2022,8.32,125.85,35.71,24.02,644.4,30.0382,74.3661,3039.48
Punjab,Wheat,2023,6.85,194.29,6.15,23.35,672.01,30.1613,74.9191,2905.13
West Bengal,Maize,2016,3.69,285.2,35.87,28.98,1548.07,23.4703,87.5589,2218.38
Uttar Pradesh,Maize,2021,3.22,189.89,36.88,28.96,890.22,26.5867,81.0812,2442.07
Uttar Pradesh,Wheat,2022,9.69,62.03,49.39,26.87,857.17,25.9706,80.6739,2677.91
West Bengal,Wheat,2024,6.2,127.66,39.79,28.11,1420.07,22.2763,87.5251,2696.95
Punjab,Maize,2019,7.55,100.72,18.33,23.68,633.0,30.1581,74.6593,2580.45
West Bengal,Rice,2020,4.18,276.85,46.45,27.39,1548.07,23.0887,88.8976,2643.85
Maharashtra,Rice,2024,8.25,257.28,27.19,27.12,1042.63,19.4132,74.1386,2956.76
West Bengal,Wheat,2023,6.83,248.58,48.24,27.36,1521.35,22.0612,88.1707,2672.6
Uttar Pradesh,Wheat,2022,2.94,283.12,15.32,28.41,919.56,26.1046,82.5965,2810.77
West Bengal,Wheat,2018,7.74,95.38,35.49,29.59,1493.08,22.4615,88.5836,2528.16
Haryana,Rice,2023,7.31,218.4,8.38,25.95,541.3,29.9445,76.2236,3086.16
Punjab,Wheat,2020,9.85,81.26,37.67,25.91,553.89,30.2011,74.1724,2914.82
West Bengal,Rice,2021,3.27,209.58,24.2,27.47,1421.39,23.5744,87.5256,2923.25
West Bengal,Maize,2022,5.3,257.26,36.65,28.35,1490.38,23.9164,87.6586,2379.82
Punjab,Maize,2018,3.81,186.51,30.44,25.08,551.52,30.0299,74.6504,2314.75
Punjab,Rice,2017,7.48,237.57,36.89,23.8,619.35,31.146,75.1167,3209.83
West Bengal,Wheat,2019,9.57,61.43,41.64,29.2,1586.01,23.5774,88.0829,2310.53
Punjab,Maize,2024,7.79,107.6,19.84,24.51,605.55,31.2836,74.0097,2641.84
Punjab,Rice,2017,8.61,238.87,25.49,23.63,626.36,30.2767,74.8306,2864.27
Maharashtra,Maize,2022,4.03,185.53,16.25,27.73,982.51,18.8418,73.1232,2324.53
Uttar Pradesh,Maize,2022,4.74,111.46,8.14,28.21,998.36,26.2995,80.5931,2246.24
Uttar Pradesh,Wheat,2017,5.8,57.3,17.55,25.6,838.65,25.6313,81.5928,2661.95
West Bengal,Wheat,2022,7.35,249.8,46.72,29.51,1490.72,23.7315,87.8531,2499.49
Haryana,Maize,2024,9.14,190.57,12.29,26.65,589.45,28.9506,76.5119,2501.22
Uttar Pradesh,Maize,2017,7.0,131.58,38.9,25.41,968.2,26.3014,82.7087,2390.73
West Bengal,Wheat,2016,8.86,170.96,31.15,29.9,1443.78,23.1233,87.4366,2656.77
Maharashtra,Rice,2018,3.82,278.22,6.56,29.62,1012.75,19.8261,73.2318,3190.87
Punjab,Maize,2024,5.73,191.95,43.37,24.23,564.43,31.4024,74.2133,2336.72
Haryana,Maize,2024,3.3,270.01,16.24,27.77,578.48,28.7006,76.3792,2415.06
Punjab,Rice,2018,7.6,102.29,7.31,23.56,724.07,30.8363,75.7544,2846.5
Maharashtra,Wheat,2016,9.51,180.83,27.33,27.77,1015.49,18.4923,74.4605,2591.88
West Bengal,Maize,2019,5.0,75.74,37.35,28.08,1495.1,22.9579,87.2508,2161.4
Maharashtra,Wheat,2019,8.03,98.35,41.36,27.01,1037.36,19.5684,74.2776,2949.6
Haryana,Wheat,2017,4.02,129.45,30.64,26.79,685.77,28.9534,76.2659,3009.24
West Bengal,Maize,2016,1.76,237.72,35.13,28.04,1454.29,22.4862,88.9902,2290.53
Maharashtra,Maize,2015,2.42,197.73,28.25,28.71,1056.26,18.9728,73.9827,2431.85
Haryana,Wheat,2021,5.57,248.03,11.31,25.97,527.08,29.8734,76.9983,2947.08
Uttar Pradesh,Rice,2023,3.66,63.24,28.36,26.99,994.23,26.9078,81.0678,3103.29
West Bengal,Wheat,2018,2.12,284.75,15.64,30.77,1575.98,22.532,88.5943,2650.72
Haryana,Maize,2015,7.15,182.42,49.27,27.77,543.55,29.9375,76.821,2577.11
Uttar Pradesh,Wheat,2022,2.8,215.51,6.32,25.63,970.7,27.268,82.447,2765.8
Uttar Pradesh,Rice,2018,1.5,205.9,26.39,26.73,892.09,26.3656,81.4948,3055.99
Punjab,Maize,2018,1.39,261.19,9.51,25.32,739.96,30.0631,75.5728,2684.77
Haryana,Maize,2018,5.01,244.03,10.15,27.69,570.79,30.4127,76.079,2686.34
Punjab,Rice,2021,1.06,129.14,37.68,26.88,589.69,30.2215,74.1532,2888.83
Haryana,Rice,2024,1.43,181.95,46.98,27.43,606.2,28.8649,76.3751,3203.82
Maharashtra,Wheat,2021,5.95,269.26,49.8,29.73,1029.18,18.6908,73.2708,2729.72
West Bengal,Rice,2024,5.29,299.63,10.42,27.94,1426.25,23.3052,88.0383,2643.97
Punjab,Wheat,2021,8.79,117.68,20.03,25.75,650.67,30.2967,75.8667,2641.74
Punjab,Rice,2019,8.81,235.39,29.58,26.72,641.74,30.4435,74.8408,3151.68
West Bengal,Rice,2020,3.46,295.81,23.12,29.3,1426.35,22.9675,87.2602,2937.33
Uttar Pradesh,Rice,2019,5.15,201.42,37.13,26.67,968.91,27.9935,80.8055,3018.93
Uttar Pradesh,Maize,2019,8.99,219.03,23.36,25.53,920.28,27.8264,82.1051,2501.95
Punjab,Wheat,2021,6.18,137.79,25.23,25.75,642.93,30.3983,74.7747,2649.2
Haryana,Maize,2019,6.6,148.24,15.68,24.81,649.32,29.7867,76.014,2417.33
Punjab,Rice,2022,3.51,146.29,47.6,24.05,627.95,31.1396,75.7052,2893.5
Haryana,Maize,2019,4.67,162.97,29.3,25.88,656.13,29.8046,77.0033,2623.1
Uttar Pradesh,Rice,2022,6.33,210.05,38.95,28.7,995.76,27.8337,80.5276,3184.64
West Bengal,Wheat,2022,3.09,135.99,7.91,30.31,1490.65,22.5217,88.0052,2606.42
West Bengal,Rice,2020,7.75,188.68,10.3,27.26,1409.54,23.2651,88.2339,2672.2
West Bengal,Wheat,2022,3.92,128.24,33.09,27.58,1502.42,22.0954,87.2264,2572.0
Maharashtra,Rice,2016,2.49,241.22,24.08,28.66,1036.17,18.6617,74.3947,3031.64
West Bengal,Rice,2015,2.98,218.78,23.49,28.84,1590.21,22.4517,88.3048,2607.73
Maharashtra,Wheat,2020,5.86,254.3,14.48,27.8,1066.88,19.8916,73.4979,2695.78
Punjab,Rice,2020,1.51,206.19,9.99,23.58,611.11,30.216,74.2722,3065.55
Uttar Pradesh,Maize,2016,8.15,92.01,2.6,26.36,988.5,25.1885,82.6395,2349.17
West Bengal,Wheat,2024,3.03,59.84,37.65,29.4,1414.87,22.9921,88.7924,2665.71
Maharashtra,Rice,2021,2.0,93.94,22.71,29.31,921.87,18.3725,73.7124,2947.54
Punjab,Rice,2017,8.47,55.68,44.57,23.01,648.54,30.5508,75.0507,2875.15
Punjab,Maize,2017,6.33,208.26,10.07,24.54,642.06,30.345,74.1519,2438.24
Maharashtra,Wheat,2020,9.42,254.23,11.23,26.93,1063.73,19.9988,73.8336,2888.46
Haryana,Wheat,2018,8.69,208.74,49.74,25.79,695.5,28.8711,76.1423,2976.77
Haryana,Rice,2015,4.47,291.91,33.58,26.33,620.3,29.7204,76.8142,2976.12
West Bengal,Maize,2024,6.28,132.02,27.11,27.72,1595.27,22.1982,88.3319,2322.61
Punjab,Rice,2021,8.72,103.6,23.32,23.06,737.53,30.1064,75.0459,3132.61
West Bengal,Wheat,2015,9.74,256.92,47.69,27.45,1530.48,23.7461,88.3205,2460.59
Uttar Pradesh,Rice,2017,1.61,205.18,40.59,27.86,967.3,26.1915,81.0268,3015.75
Maharashtra,Maize,2020,1.89,53.97,33.8,28.83,1036.31,19.121,73.3459,2450.53
Haryana,Maize,2024,8.84,279.51,8.35,27.88,664.69,28.6327,77.0444,2426.72
Maharashtra,Wheat,2015,1.46,207.19,22.03,27.12,1037.08,19.445,73.392,2691.49
Uttar Pradesh,Wheat,2022,7.12,198.4,41.49,25.15,953.37,27.4123,81.5676,2819.19
Maharashtra,Maize,2018,4.24,107.22,16.36,27.94,1008.91,19.6193,74.5892,2594.42
Punjab,Wheat,2019,1.39,163.35,43.35,23.93,616.3,30.9858,75.2799,2900.7
Haryana,Maize,2021,8.53,262.13,18.96,27.65,639.06,30.3187,76.8802,2583.31
Maharashtra,Rice,2023,8.33,250.63,32.81,27.86,954.09,18.7436,73.3755,2920.89
Punjab,Maize,2017,5.31,177.32,5.5,25.13,671.71,30.5532,74.3393,2692.97
Uttar Pradesh,Rice,2023,5.1,152.96,44.15,26.04,912.15,26.4891,81.3527,2887.9
Maharashtra,Maize,2023,9.28,287.82,41.01,28.27,989.92,18.7283,73.3055,2714.39
Punjab,Maize,2020,2.04,245.16,46.1,24.14,720.1,31.4024,75.424,2458.57
Punjab,Rice,2021,9.15,245.54,42.67,24.41,667.82,30.2594,75.7009,2991.59
Haryana,Rice,2020,7.68,157.99,22.08,26.46,550.91,30.1353,77.26,2824.62
Uttar Pradesh,Rice,2024,7.76,222.01,27.2,27.77,962.06,27.2173,81.1709,2890.19
Haryana,Rice,2022,9.01,62.43,15.57,24.83,559.52,29.7484,76.6421,2805.29
Punjab,Wheat,2016,2.94,295.28,6.11,23.89,696.88,31.0678,74.5541,2919.95
Punjab,Maize,2020,7.66,115.97,15.85,24.76,705.85,31.4166,75.3528,2467.53
Maharashtra,Maize,2021,8.65,155.74,10.88,26.81,995.92,19.1803,74.0178,2615.56
Haryana,Maize,2024,6.5,138.65,39.06,24.07,593.49,29.941,76.851,2613.04
Punjab,Wheat,2015,1.06,173.41,16.94,24.63,632.77,31.4687,74.8938,2671.28
Maharashtra,Maize,2015,1.04,170.35,4.77,26.07,940.78,18.6881,73.1906,2556.72
Maharashtra,Wheat,2021,1.38,198.41,48.74,27.76,915.39,19.1342,73.5061,3050.78
West Bengal,Wheat,2022,1.8,198.03,35.13,28.76,1425.68,23.062,87.0128,2512.46
Maharashtra,Wheat,2024,4.82,59.4,38.19,28.28,962.48,19.2563,74.966,2623.17
West Bengal,Rice,2019,2.46,211.78,25.06,27.16,1495.04,23.037,88.9367,2796.09
West Bengal,Rice,2020,8.3,277.2,15.91,29.53,1423.05,22.9739,88.728,2790.54
Punjab,Rice,2018,8.91,163.96,29.26,23.27,636.95,30.8435,74.4431,3158.15
West Bengal,Maize,2024,4.79,221.74,4.1,28.72,1444.86,22.9778,87.732,2242.16
West Bengal,Wheat,2022,9.66,245.86,6.62,30.29,1553.11,22.8379,88.094,2650.32
Uttar Pradesh,Maize,2017,9.41,244.87,31.18,25.74,840.68,26.5617,82.8191,2798.02
Uttar Pradesh,Wheat,2015,5.78,169.29,16.58,25.59,852.39,25.1089,82.1745,2897.26
Punjab,Maize,2019,8.56,81.56,46.46,24.97,736.39,30.3303,74.3982,2645.41
Punjab,Wheat,2015,8.55,290.28,42.01,25.25,717.36,30.3676,75.3212,3133.58
West Bengal,Wheat,2016,9.12,51.04,18.77,28.69,1410.52,23.9047,88.0944,2493.49
Haryana,Rice,2024,3.9,160.96,47.84,24.07,664.67,29.642,77.4663,3154.33
Uttar Pradesh,Rice,2020,5.39,51.74,16.5,27.14,897.2,26.8267,82.0896,3155.52
Punjab,Rice,2017,5.36,196.12,1.64,26.85,740.39,30.2768,75.261,3106.76
Haryana,Wheat,2024,9.85,163.72,30.1,27.4,610.43,30.0343,76.6769,2633.23
West Bengal,Wheat,2020,2.26,139.57,22.86,27.76,1406.37,22.1354,87.1395,2424.84
West Bengal,Wheat,2021,6.95,192.67,14.52,30.1,1571.14,23.6224,88.0064,2665.9
West Bengal,Maize,2023,4.97,251.7,33.59,27.04,1586.57,23.777,88.1435,2427.82
Uttar Pradesh,Rice,2018,5.13,125.09,25.52,28.1,805.46,27.9058,80.1718,2972.15
Uttar Pradesh,Wheat,2017,2.85,262.51,31.97,27.95,949.08,25.0617,80.927,3004.78
Haryana,Maize,2023,2.79,108.18,17.19,24.75,672.98,28.9832,76.805,2328.27
West Bengal,Maize,2023,7.61,99.95,37.97,30.38,1500.18,23.5711,88.7112,2351.62
West Bengal,Wheat,2018,9.6,197.67,19.27,28.65,1401.94,22.0708,88.4484,2684.53
Maharashtra,Maize,2021,1.81,252.14,33.58,29.62,958.9,19.3426,73.1187,2676.86
West Bengal,Wheat,2021,5.18,126.32,18.86,28.71,1510.15,23.9719,87.6199,2493.06
Punjab,Rice,2017,6.06,204.57,19.31,26.05,673.56,31.4434,75.8358,2947.94
Uttar Pradesh,Rice,2019,8.66,226.92,29.71,28.68,887.36,26.2793,82.6206,2872.27
Haryana,Maize,2018,9.79,271.42,20.37,27.92,691.39,30.1673,76.9708,2640.67
Maharashtra,Rice,2017,3.01,255.95,26.1,26.79,1091.75,19.8116,74.8192,2855.02
Haryana,Maize,2021,6.98,55.52,38.4,25.23,564.76,30.1886,76.8939,2420.78
Punjab,Maize,2020,1.16,238.39,49.13,24.4,574.07,30.7133,74.4222,2356.11
Haryana,Maize,2018,1.82,289.47,30.04,25.67,557.22,29.7735,76.0814,2443.51
Punjab,Wheat,2019,1.63,184.94,18.5,25.16,667.57,30.8924,74.8421,2671.32
Haryana,Rice,2018,3.07,248.32,23.19,27.57,688.67,30.2523,76.7803,3181.18
West Bengal,Wheat,2016,4.76,131.57,27.62,30.34,1573.72,23.6023,88.41,2430.12
Uttar Pradesh,Rice,2021,6.36,89.39,33.64,28.19,845.69,27.7097,81.0662,3011.54
Maharashtra,Maize,2022,4.35,263.29,19.72,26.21,984.71,19.2504,73.3304,2530.41
Uttar Pradesh,Rice,2023,9.19,287.89,37.02,26.36,846.99,26.0113,81.4745,3327.17
Maharashtra,Maize,2022,1.61,103.28,43.66,28.9,971.94,19.5759,73.83,2422.35
West Bengal,Rice,2024,3.49,173.06,46.84,29.47,1405.75,23.8174,87.3139,2972.6
West Bengal,Wheat,2018,1.52,223.1,48.69,29.14,1556.84,23.5762,87.918,2414.52
Uttar Pradesh,Rice,2015,4.3,92.29,8.58,25.47,932.47,27.1074,80.4322,3037.5
Haryana,Rice,2017,8.5,110.21,22.58,24.94,567.65,30.0453,77.3165,2957.77
Punjab,Rice,2022,3.52,162.63,18.98,26.94,721.79,30.7382,74.8032,2913.22
West Bengal,Rice,2017,8.48,203.89,15.72,29.66,1501.43,22.137,88.5323,2821.57
Haryana,Maize,2017,3.14,74.59,43.02,26.43,616.76,30.1191,76.2208,2430.51
Uttar Pradesh,Rice,2022,6.53,93.47,10.25,26.04,946.96,25.9746,80.297,2938.58
Punjab,Wheat,2022,6.18,277.19,3.67,26.91,557.31,30.5897,74.7277,2866.91
Uttar Pradesh,Wheat,2024,5.56,122.24,20.24,27.86,870.36,27.2736,82.2869,2710.43
Maharashtra,Maize,2018,4.4,140.61,44.34,28.39,949.68,19.0841,74.4344,2563.28
Maharashtra,Rice,2017,5.59,57.07,14.73,27.7,984.49,19.0391,73.4662,2730.06
Haryana,Maize,2020,6.59,52.38,21.34,24.56,578.01,29.5849,76.0116,2287.73
Haryana,Maize,2020,7.86,291.11,13.25,25.02,579.78,30.2075,76.7172,2731.63
Uttar Pradesh,Maize,2021,5.66,148.74,42.56,27.51,999.47,27.3587,81.0211,2468.79
Uttar Pradesh,Rice,2021,9.96,157.13,22.04,27.88,918.06,27.4506,80.9856,3160.34
West Bengal,Wheat,2015,9.77,201.68,22.61,27.19,1507.81,23.6795,88.2762,2616.5
West Bengal,Wheat,2019,3.19,122.37,29.13,27.52,1487.57,22.1774,87.2424,2345.74
Punjab,Wheat,2019,4.85,137.27,14.31,26.58,749.14,31.1006,74.0681,2749.48
West Bengal,Wheat,2018,2.92,242.35,18.3,30.88,1531.18,22.1247,88.1872,2446.1
Haryana,Maize,2016,5.79,190.14,7.95,25.24,628.38,28.9977,77.4215,2490.89
Uttar Pradesh,Wheat,2021,6.7,162.67,45.54,27.22,909.79,25.3061,80.2418,2702.48
Uttar Pradesh,Rice,2020,1.13,187.46,26.93,25.31,976.42,27.3139,82.6106,2885.97
West Bengal,Rice,2024,5.69,288.6,9.68,27.04,1596.95,23.7145,88.6772,2602.04
Uttar Pradesh,Wheat,2023,6.09,121.11,16.29,25.22,860.64,27.3868,82.2665,2699.07
Punjab,Maize,2020,3.28,117.76,29.01,24.98,566.13,30.8378,74.269,2633.07
Uttar Pradesh,Rice,2017,9.91,115.84,47.92,25.76,832.56,25.4679,82.0578,3101.27
Punjab,Rice,2016,1.15,94.09,35.43,25.6,614.91,30.7565,74.9349,2890.62
Haryana,Wheat,2016,5.21,97.56,11.41,27.21,619.5,30.4064,77.1932,2811.47
Uttar Pradesh,Maize,2019,3.88,122.68,45.8,25.23,852.0,27.31,82.5496,2519.15
Uttar Pradesh,Rice,2024,2.1,190.38,21.9,27.31,923.89,27.1783,81.2637,3128.82
Haryana,Wheat,2024,3.48,293.33,5.22,24.42,582.12,29.7403,76.4673,2647.91
West Bengal,Rice,2015,2.17,84.32,30.41,29.05,1512.55,23.5332,87.0691,2852.44
Haryana,Rice,2020,2.41,190.66,40.55,25.12,628.91,30.2941,76.5665,2991.79
Haryana,Rice,2015,5.63,202.74,44.57,26.1,635.87,29.2783,76.0965,3101.73
Uttar Pradesh,Rice,2021,7.93,225.26,34.26,28.7,966.15,26.2736,81.1865,2887.72
Uttar Pradesh,Rice,2018,8.67,94.56,34.85,26.57,929.46,26.4379,81.0345,3129.87
Maharashtra,Wheat,2016,5.9,73.65,9.56,29.48,952.05,19.4118,73.9856,2645.8
Maharashtra,Rice,2019,5.64,91.12,27.03,28.21,1053.49,19.3018,74.7757,2833.17
Uttar Pradesh,Rice,2016,8.59,201.12,1.34,27.54,996.57,26.0842,80.6211,3020.77
Haryana,Wheat,2016,7.19,236.18,13.21,24.36,501.36,30.3115,77.3519,2840.33
Haryana,Maize,2024,5.36,154.98,38.06,27.5,543.71,29.2563,76.952,2323.95
Haryana,Wheat,2017,7.9,57.96,21.9,27.56,505.57,29.5512,76.1121,2864.5
Maharashtra,Wheat,2024,5.25,53.03,20.32,28.02,1048.94,18.0388,74.2443,2577.58
Uttar Pradesh,Wheat,2022,2.13,89.2,44.71,25.8,815.52,26.7084,80.2504,2995.5
Maharashtra,Wheat,2020,6.51,100.9,34.4,29.53,965.99,18.6424,73.4695,2885.94
Maharashtra,Rice,2020,5.8,180.22,47.48,28.07,1070.82,18.3313,73.7045,3115.1
Haryana,Maize,2018,3.71,224.83,49.32,27.97,502.37,28.7167,77.1989,2463.82
Punjab,Rice,2021,8.25,286.08,45.02,24.54,742.06,30.9402,74.7006,3097.44
Haryana,Wheat,2015,4.15,189.5,4.7,25.68,665.25,30.4652,76.277,2654.06
Maharashtra,Rice,2024,9.91,87.89,5.09,26.4,918.72,19.2972,73.259,2837.93
Punjab,Maize,2015,5.56,204.3,18.36,26.96,702.68,30.0647,75.217,2654.22
West Bengal,Wheat,2019,4.91,175.93,33.26,30.2,1507.12,23.4889,88.949,2535.91
Maharashtra,Rice,2018,1.38,178.96,38.29,29.48,930.86,18.4946,73.9833,3124.31
Haryana,Wheat,2015,1.28,174.21,43.45,25.09,672.43,28.8926,77.077,3063.82
West Bengal,Maize,2023,9.75,67.77,45.46,29.35,1462.74,23.4306,88.3541,2354.3
Uttar Pradesh,Maize,2018,5.93,211.88,20.65,28.92,931.63,25.3308,80.6906,2455.58
Maharashtra,Maize,2015,5.17,122.05,37.83,29.32,925.87,19.2159,74.2208,2542.14
Haryana,Maize,2017,8.81,75.57,35.77,25.19,525.88,28.8425,76.1025,2284.74
Haryana,Wheat,2023,8.13,234.12,27.09,24.62,545.58,30.4204,76.7309,2979.56
Uttar Pradesh,Maize,2015,4.27,52.64,18.38,27.14,928.54,27.4137,81.1524,2572.91
Punjab,Maize,2016,4.92,150.05,34.46,24.29,652.05,30.7949,74.0861,2642.61
West Bengal,Rice,2023,5.11,196.85,24.11,29.93,1412.95,23.9702,87.5257,2903.66
Haryana,Wheat,2022,5.86,286.23,15.0,25.83,554.91,29.8452,77.1473,2926.97
Punjab,Maize,2016,9.28,131.31,37.31,25.91,690.76,30.8152,74.1344,2400.09
West Bengal,Wheat,2017,7.69,51.87,35.39,28.37,1422.18,22.4812,88.7699,2455.29
Maharashtra,Maize,2020,8.15,255.84,41.79,28.29,1077.41,19.7149,73.6625,2580.3
Maharashtra,Rice,2019,7.34,154.76,39.71,26.78,1066.43,19.8735,74.4268,3015.78
Haryana,Rice,2016,7.22,298.94,15.18,25.98,617.67,28.7857,76.7267,3167.59
Punjab,Maize,2024,1.61,242.19,17.22,26.06,579.09,31.3435,74.8518,2441.03
Maharashtra,Maize,2016,5.31,136.54,19.22,27.88,984.57,19.3631,74.7055,2388.39
Haryana,Rice,2022,5.26,250.52,15.13,24.16,537.91,29.6823,76.0531,2900.81
Haryana,Rice,2023,4.37,215.19,35.9,26.69,658.25,28.5226,77.187,3084.03
Maharashtra,Wheat,2020,5.18,134.51,24.89,27.1,950.86,19.976,74.0932,2832.25
Uttar Pradesh,Rice,2023,6.38,158.43,29.0,28.92,811.06,26.1461,82.744,2983.66
Punjab,Wheat,2016,8.38,108.29,3.92,25.81,671.0,31.0497,75.3282,2744.69
Haryana,Maize,2021,8.35,116.79,46.31,26.1,571.46,29.7411,76.352,2615.41
Uttar Pradesh,Rice,2018,8.68,269.72,47.96,25.22,905.22,26.939,80.2388,3023.73
West Bengal,Rice,2015,1.78,209.49,21.58,30.64,1451.51,22.0799,88.5192,2764.93
Uttar Pradesh,Wheat,2019,8.01,272.62,27.83,26.44,856.37,25.6136,81.5914,2832.26
West Bengal,Rice,2017,7.59,220.79,1.12,27.62,1455.7,22.5097,87.9449,2809.45
West Bengal,Rice,2015,4.55,191.32,29.4,27.57,1482.48,23.8991,88.0098,2887.27
West Bengal,Maize,2021,3.51,171.22,8.81,27.84,1467.3,22.5149,87.1855,2378.56
Uttar Pradesh,Maize,2021,4.13,152.37,47.45,25.01,802.58,26.7233,81.0465,2784.7
Punjab,Rice,2023,5.1,56.62,7.34,25.56,616.8,31.0352,74.0602,2743.32
Punjab,Rice,2015,7.08,90.17,21.91,25.91,662.92,31.2883,74.266,3096.78
Maharashtra,Rice,2015,8.68,141.1,25.23,28.56,945.68,19.1673,73.6517,2868.41
Haryana,Rice,2015,8.97,102.35,36.48,27.01,566.32,28.7018,76.6842,3021.47
Maharashtra,Wheat,2016,3.45,272.64,31.42,26.09,975.83,19.8357,74.5788,2805.57
Haryana,Wheat,2020,5.63,140.31,39.46,27.39,545.14,29.3408,76.7756,2919.29
Haryana,Maize,2021,6.38,279.25,4.64,27.46,625.31,30.0777,76.8659,2665.35
Uttar Pradesh,Rice,2020,2.18,111.93,46.04,26.44,822.7,25.7529,80.666,3261.03
Uttar Pradesh,Wheat,2018,3.45,122.52,42.97,28.66,951.96,25.5618,82.868,2614.86
Haryana,Rice,2023,4.85,245.95,49.93,25.56,587.28,30.1057,76.1706,3138.31
Punjab,Maize,2018,8.82,253.86,14.25,23.01,564.49,30.5026,74.6934,2330.74
Punjab,Rice,2016,2.77,138.48,18.41,26.36,574.12,30.8578,75.838,2990.27
Uttar Pradesh,Wheat,2018,2.99,197.44,45.59,26.99,922.82,27.765,80.388,3045.02
Maharashtra,Rice,2015,3.5,219.42,38.61,29.37,1099.31,18.2684,74.8426,3094.03
Uttar Pradesh,Maize,2022,6.85,119.26,37.61,27.63,906.18,26.1744,80.9521,2364.39
West Bengal,Rice,2021,5.46,262.9,39.74,27.4,1506.5,23.3593,88.6056,2973.36
Haryana,Wheat,2016,4.74,116.63,23.9,24.53,674.67,29.6638,76.6254,2859.93
Maharashtra,Wheat,2016,9.09,150.38,5.01,29.92,1098.06,18.6567,73.5259,2530.17
Uttar Pradesh,Rice,2015,1.21,63.18,26.68,28.9,986.81,25.8164,82.6533,3019.45
West Bengal,Rice,2020,1.55,129.29,28.82,30.52,1494.97,23.7948,87.155,2712.73
Punjab,Rice,2019,5.92,215.63,8.85,24.01,612.31,30.8844,74.792,3162.68
Punjab,Wheat,2021,5.12,266.77,33.48,26.76,736.2,31.4488,75.4467,2972.65
Maharashtra,Rice,2023,3.72,193.53,30.69,27.84,926.33,18.0982,74.5194,3003.5
Punjab,Wheat,2017,6.8,182.03,29.58,23.79,748.06,30.0821,75.7165,2924.12
West Bengal,Maize,2024,3.96,229.91,32.91,28.12,1476.52,23.6442,88.4688,2259.95
West Bengal,Rice,2019,3.51,72.84,21.01,30.11,1402.83,23.156,87.2434,2610.72
Haryana,Rice,2021,9.42,276.09,16.29,25.15,573.48,29.0687,76.6949,2967.51
Haryana,Wheat,2018,7.93,272.52,2.28,25.58,653.25,28.5144,77.4788,2835.1
Uttar Pradesh,Rice,2023,9.19,275.63,30.93,26.89,977.35,27.4275,82.4464,2969.73
Haryana,Rice,2020,5.76,122.86,11.8,25.9,601.74,30.1896,77.1547,2805.85
Haryana,Maize,2015,3.25,54.07,42.21,26.98,572.85,30.3795,76.8285,2440.66
Maharashtra,Wheat,2018,8.75,53.74,21.99,28.58,981.83,19.4533,73.9305,2750.25
Haryana,Rice,2022,3.57,74.07,12.25,26.27,626.38,28.6243,77.2165,3108.56
Haryana,Maize,2015,9.64,139.42,4.22,24.25,581.53,29.4046,76.1849,2479.6
Punjab,Wheat,2020,7.83,175.32,25.13,26.5,668.0,31.4565,74.3011,2856.82
Maharashtra,Maize,2023,7.66,187.13,43.76,26.15,998.25,18.3025,73.2542,2580.2
Punjab,Maize,2017,2.48,125.48,29.6,26.56,565.74,30.5861,74.2317,2544.21
Uttar Pradesh,Wheat,2015,9.56,290.45,49.55,26.85,828.05,27.3603,81.0495,2772.31
Punjab,Rice,2016,4.21,77.92,1.13,26.71,634.29,31.4362,74.2044,3125.51
West Bengal,Rice,2015,8.68,297.99,25.93,30.43,1514.18,22.4212,87.8081,2660.24
West Bengal,Rice,2016,1.21,235.55,3.03,30.29,1439.11,22.3547,88.8622,2712.73
Punjab,Rice,2021,4.96,181.08,11.5,24.11,615.53,31.3096,75.8798,3014.32
Uttar Pradesh,Maize,2021,9.89,250.75,13.8,28.13,992.56,26.6222,82.2056,2337.61
Haryana,Rice,2024,8.58,291.26,32.61,27.5,558.82,28.6945,77.3966,3104.26
Uttar Pradesh,Maize,2021,7.1,224.27,14.49,27.38,837.29,26.343,82.7049,2730.37
Uttar Pradesh,Maize,2019,5.19,265.61,32.42,25.73,898.31,25.9147,81.1513,2725.92
Punjab,Rice,2021,8.57,232.29,40.58,25.26,712.75,30.8887,75.114,3189.54
Uttar Pradesh,Wheat,2019,7.2,230.69,6.04,28.38,865.31,26.5242,80.6751,3053.48
West Bengal,Rice,2021,3.19,161.75,16.11,28.09,1416.02,22.7045,88.2707,2633.32
Uttar Pradesh,Wheat,2021,7.41,294.37,34.18,25.15,915.79,26.5933,81.0039,2962.54
Maharashtra,Wheat,2024,4.76,161.83,12.23,27.92,1053.92,18.4137,74.4104,2844.91
Uttar Pradesh,Rice,2024,1.68,225.57,8.99,27.37,940.61,25.3394,80.4807,2979.51
Haryana,Rice,2021,1.42,175.12,7.21,24.66,667.38,29.0632,76.8538,2889.53
Haryana,Maize,2024,2.67,120.1,8.96,25.33,677.01,30.0362,76.0708,2641.65
Punjab,Maize,2018,8.93,283.51,18.21,26.78,581.37,30.557,74.2088,2455.4
Punjab,Rice,2018,9.51,264.77,47.07,26.13,592.09,30.5396,74.3912,3240.52
Haryana,Wheat,2021,8.08,148.06,23.68,27.38,622.67,29.0144,76.9326,2965.71
Maharashtra,Rice,2016,1.14,255.47,30.37,26.38,910.14,19.8666,73.0527,3153.55
Maharashtra,Wheat,2021,7.35,190.42,37.85,28.64,1081.61,19.6968,73.8448,2660.14
West Bengal,Maize,2021,1.36,155.93,4.67,30.71,1431.69,22.2178,87.7686,2150.32
Maharashtra,Maize,2019,1.26,221.97,37.13,27.04,1073.22,19.4321,74.6568,2316.07
Uttar Pradesh,Rice,2020,7.45,192.45,13.13,26.16,859.23,27.4894,80.1408,3149.82
Punjab,Wheat,2019,3.18,96.05,44.42,26.77,609.49,31.1642,74.2237,2912.16
Punjab,Wheat,2019,2.33,259.07,10.3,25.23,586.68,30.5862,74.6946,2837.03
Punjab,Maize,2024,2.29,299.07,43.09,24.43,680.94,31.4393,75.7249,2675.02
Maharashtra,Wheat,2019,5.08,136.06,49.12,29.68,1091.96,18.9185,74.8474,2864.53
Uttar Pradesh,Rice,2021,2.79,75.12,32.88,26.18,866.12,27.6091,81.7142,3182.06
West Bengal,Maize,2021,9.11,81.58,3.04,29.16,1467.72,23.1627,87.3202,2334.79
West Bengal,Wheat,2016,5.31,149.96,36.69,27.53,1554.15,22.7038,88.2216,2486.4
Uttar Pradesh,Rice,2017,7.3,98.57,45.7,26.12,914.0,27.8247,80.8084,2831.94
Uttar Pradesh,Rice,2016,8.93,166.67,24.53,25.36,918.82,25.3095,80.4178,3221.67
Haryana,Rice,2017,4.94,143.66,43.12,25.55,684.13,30.4447,77.2811,3216.81
West Bengal,Rice,2022,1.63,133.29,48.45,29.46,1567.66,22.2036,87.3869,2864.16
Maharashtra,Wheat,2024,8.99,170.25,31.87,29.29,938.8,19.0771,74.4295,2806.25
Maharashtra,Rice,2022,3.37,88.26,33.88,27.15,981.96,18.3833,74.9148,3036.21
Maharashtra,Rice,2021,4.22,274.58,29.33,28.52,965.29,18.6085,73.7473,2876.58
Maharashtra,Wheat,2024,2.65,231.32,47.62,28.55,944.08,18.9771,74.684,2780.06
Maharashtra,Wheat,2024,6.53,294.51,21.33,28.56,971.54,18.0247,73.6746,2748.01
Haryana,Maize,2019,6.6,92.96,10.86,24.12,578.95,30.4516,77.4996,2579.04
Haryana,Maize,2017,2.7,104.46,12.71,27.34,538.58,30.3298,76.9279,2411.51
Punjab,Rice,2024,7.67,236.64,18.79,25.41,709.4,31.1395,75.7535,3058.32
Uttar Pradesh,Maize,2023,3.59,107.68,29.79,27.87,931.51,26.3852,80.5397,2569.08
Haryana,Maize,2017,4.98,80.81,41.14,27.01,595.75,30.1636,77.1019,2288.92
Uttar Pradesh,Maize,2019,8.85,277.85,39.61,27.11,955.55,26.5279,81.5439,2606.28
Haryana,Wheat,2015,9.71,203.02,28.73,25.87,671.48,29.4525,76.0305,2876.63
Haryana,Wheat,2022,9.04,225.7,9.25,27.3,619.1,29.7248,76.7725,2985.36
Uttar Pradesh,Maize,2023,5.56,223.98,24.67,26.25,921.58,25.222,80.0231,2614.04
Uttar Pradesh,Maize,2015,4.5,58.7,48.44,27.95,953.06,26.4041,81.0547,2472.43
Maharashtra,Rice,2015,5.07,186.12,22.47,29.9,1035.07,18.3713,73.7256,2963.99
Punjab,Wheat,2018,5.61,233.79,37.93,24.78,734.51,31.427,74.0819,2911.26
Uttar Pradesh,Maize,2019,5.36,192.13,41.44,25.76,839.2,26.4916,82.0,2603.81
Uttar Pradesh,Rice,2016,3.07,184.1,1.41,28.63,989.31,25.6898,82.6575,2976.9
Maharashtra,Wheat,2022,5.42,255.11,19.66,28.2,943.51,19.245,74.6906,2733.49
Haryana,Maize,2015,6.87,137.36,2.9,24.76,662.18,29.6082,76.6904,2634.25
Maharashtra,Maize,2019,8.9,182.21,16.97,27.78,988.34,18.2415,73.9702,2564.09
Punjab,Rice,2022,3.3,282.62,11.47,25.51,653.14,31.2147,75.0245,3092.46
Haryana,Wheat,2019,6.42,230.11,23.52,25.99,636.19,29.4847,76.3739,2671.1
Haryana,Wheat,2016,2.31,285.27,35.43,27.79,664.54,29.643,76.4837,2919.95
Uttar Pradesh,Wheat,2015,5.94,84.54,3.32,26.66,842.97,25.651,81.3694,2634.23
Maharashtra,Wheat,2023,1.49,209.47,1.56,27.81,1076.96,18.4473,74.1862,2680.63
Haryana,Wheat,2015,6.78,209.09,22.03,27.67,636.48,29.1755,76.6382,2666.26
Uttar Pradesh,Wheat,2024,1.47,88.95,14.89,26.46,947.47,27.1828,81.16,2680.15
Haryana,Wheat,2015,5.52,172.09,45.69,25.56,521.61,28.9076,76.699,2674.35
West Bengal,Rice,2017,2.61,250.5,16.52,28.94,1504.78,23.2877,88.5263,2553.05
West Bengal,Wheat,2020,8.64,173.45,41.51,27.15,1531.96,23.9203,88.0306,2456.96
Haryana,Wheat,2015,7.18,129.86,43.0,25.04,550.01,29.0515,77.3878,2781.86
Maharashtra,Wheat,2022,2.64,82.54,43.06,27.55,1045.95,18.8475,73.0913,2570.9
Punjab,Rice,2015,7.25,195.74,26.54,23.82,636.01,30.8957,75.8062,3154.81
Haryana,Maize,2016,9.42,60.9,39.69,24.04,670.64,30.0901,76.0898,2369.57
West Bengal,Rice,2021,9.26,87.06,20.39,29.53,1468.07,23.8062,88.4863,2581.63
Maharashtra,Rice,2024,6.54,56.33,42.02,28.59,916.34,19.425,73.8524,2829.1
Punjab,Wheat,2018,8.26,223.49,28.09,24.21,700.79,30.9105,74.7158,2842.13
Uttar Pradesh,Maize,2018,6.9,198.67,10.83,26.75,961.55,25.0687,80.3206,2549.05
Maharashtra,Rice,2019,7.1,158.3,15.25,29.35,1035.42,18.4549,74.2551,3067.19
Maharashtra,Maize,2020,7.42,174.97,25.14,28.55,947.23,19.629,74.0357,2639.09
Uttar Pradesh,Rice,2018,9.78,90.32,24.22,25.92,839.97,27.4953,81.9017,3211.87
Punjab,Rice,2022,3.94,126.96,29.98,23.98,659.69,31.2598,75.3524,3095.95
Punjab,Maize,2021,7.46,267.15,7.58,26.12,725.14,30.0324,74.1267,2410.81
Uttar Pradesh,Wheat,2016,6.82,78.62,6.37,25.76,810.22,25.7608,80.9863,2986.88
Maharashtra,Rice,2016,3.33,127.0,7.05,29.7,910.03,18.1548,73.6531,2853.97
West Bengal,Maize,2016,8.61,106.66,19.14,28.11,1590.82,23.4536,88.6913,2332.54
Maharashtra,Rice,2019,7.8,53.36,22.24,28.75,1034.72,18.3853,73.0289,2874.07
Uttar Pradesh,Rice,2021,8.48,222.39,28.3,25.82,948.41,26.0577,80.2837,3141.42
Haryana,Maize,2022,8.78,294.78,36.93,27.88,653.88,29.1054,76.2152,2728.5
Maharashtra,Maize,2022,5.55,64.82,18.23,26.73,954.43,18.2872,74.8792,2305.5
Punjab,Rice,2019,7.1,135.04,36.74,23.81,654.96,31.0263,74.9712,3179.81
Punjab,Rice,2018,4.45,130.2,35.44,24.26,641.6,30.8177,75.3698,3093.22
Punjab,Rice,2021,5.41,116.88,46.49,26.38,597.88,31.1775,74.1308,2999.35
Punjab,Maize,2023,8.51,190.45,34.8,26.41,703.34,31.1448,74.9615,2377.75
Uttar Pradesh,Maize,2022,2.24,69.58,7.53,26.25,986.0,27.9581,82.0455,2589.29
Haryana,Rice,2020,4.26,282.21,43.89,26.69,522.27,30.4887,76.3814,3191.92
Maharashtra,Rice,2022,7.34,202.52,14.12,27.77,1068.68,19.3727,74.2618,2836.94
Haryana,Maize,2023,3.77,100.42,32.78,26.29,544.32,28.6031,77.0051,2269.64
Uttar Pradesh,Maize,2023,6.23,106.18,41.94,27.59,876.4,27.6503,82.0101,2571.18
West Bengal,Rice,2022,4.92,253.86,3.71,30.1,1429.24,22.2956,88.0305,2662.6
West Bengal,Maize,2021,2.12,132.58,47.53,30.51,1424.03,23.0721,87.8776,2267.44
Punjab,Maize,2017,1.49,213.67,25.49,23.18,598.9,30.9336,74.1263,2512.03
Punjab,Wheat,2017,8.26,140.83,22.03,23.78,721.86,30.4543,74.7969,2789.93
Maharashtra,Rice,2019,8.4,164.47,44.68,28.77,925.66,18.3224,74.5933,3218.35
West Bengal,Maize,2020,8.24,186.58,44.97,27.71,1503.91,22.0933,87.5103,2440.93
Haryana,Maize,2020,5.75,183.36,22.37,25.12,651.39,29.6464,76.0194,2678.4
Punjab,Maize,2016,5.98,155.88,12.76,25.31,646.49,30.7266,74.5432,2709.41
Haryana,Rice,2018,5.45,214.78,14.93,25.72,569.95,28.8576,77.1826,2803.97
Punjab,Rice,2016,7.35,299.42,16.94,26.4,628.85,30.6465,75.3038,2971.05
Maharashtra,Rice,2022,1.94,51.41,33.97,29.5,1045.41,19.53,73.612,2918.65
Uttar Pradesh,Rice,2017,8.1,257.61,1.73,28.41,900.65,27.8583,82.611,3193.65
Punjab,Wheat,2017,1.26,252.29,21.73,24.76,714.51,30.3983,74.7024,2874.39
West Bengal,Rice,2018,6.65,136.57,10.89,30.35,1580.7,22.6306,87.5339,2800.0
Punjab,Wheat,2024,4.17,115.35,31.42,24.49,712.85,30.1116,74.1724,2928.21
West Bengal,Wheat,2018,7.14,267.35,14.84,27.75,1483.66,22.3931,88.1036,2649.3
Haryana,Maize,2022,6.23,242.17,40.9,24.31,697.23,29.7639,76.6408,2479.17
Maharashtra,Rice,2022,4.5,299.34,29.93,27.65,997.37,19.8903,73.4415,3202.19
Maharashtra,Wheat,2017,2.51,278.17,33.62,26.96,1034.94,18.412,74.5386,2829.08
Uttar Pradesh,Rice,2022,7.61,295.46,30.2,28.27,947.39,27.4286,80.6229,3262.49
Maharashtra,Maize,2015,3.62,220.57,46.58,26.37,942.03,18.3821,73.3646,2492.1
West Bengal,Rice,2024,2.28,214.29,37.29,30.79,1430.73,23.6502,87.089,2851.84
Uttar Pradesh,Rice,2017,4.98,138.48,12.03,25.09,889.79,26.0038,80.333,3205.99
West Bengal,Rice,2019,7.13,232.04,35.16,30.64,1530.09,23.4132,87.6076,2889.76
West Bengal,Maize,2018,5.24,201.98,43.3,27.26,1425.88,23.3282,88.6735,2476.94
Haryana,Wheat,2023,6.34,231.97,27.62,24.74,578.02,29.3311,77.1019,2718.41
West Bengal,Rice,2022,2.62,174.4,44.25,27.16,1468.22,22.86,88.575,2612.15
Maharashtra,Maize,2024,2.04,73.86,4.33,28.61,975.89,18.5719,73.5157,2384.57
Haryana,Rice,2019,9.49,97.78,34.89,25.14,525.25,28.5385,76.452,3111.88
West Bengal,Wheat,2022,5.3,137.6,31.33,29.41,1428.44,22.9538,88.335,2418.56
Punjab,Maize,2018,8.15,241.16,40.52,25.68,580.75,30.3477,74.0725,2483.72
Uttar Pradesh,Wheat,2024,1.04,111.53,11.94,27.54,890.82,25.3869,80.8721,2636.64
Punjab,Maize,2015,8.72,111.58,1.85,25.63,742.09,31.4148,75.5035,2587.59
West Bengal,Maize,2019,7.83,228.59,5.58,27.05,1501.39,22.1158,88.3392,2309.98
Maharashtra,Maize,2019,6.27,221.86,26.29,26.33,960.5,18.3129,73.031,2662.92
West Bengal,Maize,2019,3.86,148.68,37.22,27.12,1575.77,22.9655,87.4236,2357.76
Maharashtra,Maize,2016,8.29,261.18,16.95,29.81,1011.74,19.8267,74.3017,2470.91
Uttar Pradesh,Wheat,2023,2.57,239.83,35.12,26.12,810.47,25.0057,80.9014,3063.86
Maharashtra,Maize,2023,1.95,275.38,18.66,28.41,992.94,18.3287,73.3866,2552.22
West Bengal,Wheat,2024,3.29,291.39,22.76,30.39,1585.63,22.8939,87.4057,2527.89
Punjab,Wheat,2024,3.96,133.49,41.89,26.48,689.04,31.0063,74.0458,2876.56
Uttar Pradesh,Wheat,2022,3.86,93.99,6.11,28.4,844.24,25.109,82.3532,2927.53
Uttar Pradesh,Maize,2022,8.64,298.3,21.76,26.87,856.77,25.7545,80.0704,2722.9
Haryana,Maize,2017,7.25,179.81,21.16,27.81,533.07,29.171,76.5308,2599.41
Maharashtra,Rice,2023,5.68,217.35,6.84,26.46,940.88,18.0172,74.4424,3182.13
Haryana,Wheat,2021,2.11,200.64,28.36,25.02,588.84,29.0479,76.5236,2908.95
Uttar Pradesh,Maize,2024,3.58,283.46,12.52,27.18,851.77,25.1034,82.1682,2469.07
West Bengal,Maize,2015,8.89,248.49,10.96,29.71,1460.27,22.6295,87.5965,2368.19
Punjab,Maize,2018,9.5,159.95,38.51,23.08,727.06,30.5218,74.2656,2697.32
Uttar Pradesh,Maize,2020,2.0,286.77,46.61,27.73,844.28,25.4773,82.5907,2673.88
Maharashtra,Wheat,2018,7.89,270.26,15.91,26.68,1005.36,18.4271,74.2048,2719.23
Haryana,Maize,2018,2.81,119.91,37.62,24.11,602.96,29.7835,76.283,2570.79
Uttar Pradesh,Maize,2022,2.32,161.15,46.28,28.56,976.6,26.4054,80.302,2636.59
Maharashtra,Rice,2015,6.88,133.12,6.89,28.25,966.55,18.5497,74.9449,2925.02
Haryana,Rice,2024,7.24,219.36,16.48,27.34,664.3,29.5083,76.3509,2997.69
Maharashtra,Wheat,2020,6.58,52.07,40.17,27.06,1064.39,18.3792,73.1212,2711.17
Maharashtra,Wheat,2023,5.51,185.82,45.9,29.97,1085.62,18.5473,74.0758,2580.53
Maharashtra,Rice,2015,2.02,170.75,23.13,27.63,1064.38,19.6676,74.8786,2848.25
Haryana,Rice,2022,5.73,202.06,35.01,27.62,642.0,30.4878,76.1595,3204.45
Haryana,Rice,2015,4.16,101.6,10.45,24.21,558.88,29.0173,76.3326,2787.21
Haryana,Wheat,2017,8.55,223.57,19.59,26.01,597.68,29.0691,77.2071,2794.1
Haryana,Wheat,2019,8.78,64.76,12.88,25.62,510.02,30.2406,77.3127,2557.41
Punjab,Maize,2015,6.36,284.29,7.56,24.53,677.13,31.225,75.1521,2576.64
Maharashtra,Wheat,2019,5.89,279.68,14.26,29.13,968.87,19.884,73.1104,2705.99
Haryana,Wheat,2023,9.17,65.71,35.75,24.14,650.81,29.8103,77.0951,2689.31
West Bengal,Rice,2020,1.79,111.16,8.23,28.38,1530.68,22.843,88.3871,2725.46
Punjab,Wheat,2016,6.96,140.1,5.45,24.59,686.84,30.2686,74.929,2788.42
West Bengal,Wheat,2023,7.44,173.66,40.41,29.39,1428.8,23.3492,88.7243,2764.95
Maharashtra,Wheat,2020,2.61,219.6,11.08,28.64,937.89,18.1273,74.7488,2929.62
Punjab,Wheat,2021,1.0,152.59,49.61,23.5,700.55,30.653,74.9783,2735.82
Maharashtra,Maize,2024,3.77,54.94,46.35,29.72,989.48,18.6305,73.805,2430.22
Uttar Pradesh,Maize,2016,8.38,166.42,10.66,25.32,956.78,27.2404,81.5566,2377.78
Maharashtra,Maize,2022,8.55,250.81,25.14,28.69,958.87,19.1391,73.9419,2377.99
Maharashtra,Wheat,2016,8.47,80.94,8.62,27.32,1088.83,19.6325,73.1055,2754.92
West Bengal,Wheat,2021,3.5,270.5,23.79,28.98,1574.83,23.5813,88.9267,2432.9
Haryana,Rice,2021,1.59,248.08,18.24,27.45,594.41,29.6589,76.8695,2988.08
Punjab,Wheat,2018,3.39,230.25,26.58,23.11,596.57,31.0872,75.6536,2678.12
Haryana,Rice,2021,5.05,286.13,33.56,24.4,527.69,28.9119,76.625,2881.96
Maharashtra,Wheat,2018,8.82,108.68,6.76,26.62,1071.77,18.0667,74.8764,2711.78
Maharashtra,Maize,2020,4.35,211.6,31.15,27.35,922.7,18.3001,73.3353,2378.54
Maharashtra,Rice,2021,5.57,227.4,38.19,26.87,933.48,19.777,74.8245,2993.27
Uttar Pradesh,Wheat,2024,1.23,132.44,17.9,25.14,978.08,25.4135,81.5064,2989.82
Maharashtra,Wheat,2022,3.52,133.4,20.44,26.96,1071.38,19.4114,74.0983,2607.31
Maharashtra,Rice,2018,4.34,196.52,19.19,28.07,900.6,19.7757,73.8519,2903.16
West Bengal,Wheat,2023,1.87,51.7,35.39,28.45,1407.65,23.8684,88.235,2499.63
West Bengal,Maize,2015,6.41,90.46,5.19,27.76,1538.81,23.6102,88.711,2098.91
Punjab,Wheat,2017,8.48,170.58,7.47,26.86,556.52,30.2091,74.6851,2861.13
Haryana,Rice,2015,2.85,217.03,30.89,25.95,653.75,29.6177,77.0898,2876.11
Uttar Pradesh,Maize,2015,4.15,190.55,15.18,25.2,817.98,25.49,82.5263,2533.04
Maharashtra,Rice,2018,5.38,103.42,45.4,29.9,904.6,19.8397,74.9413,3058.6
Punjab,Wheat,2023,1.53,68.15,11.76,26.97,734.84,30.7103,74.7067,2837.51
Punjab,Rice,2015,2.12,92.58,37.9,25.37,647.8,31.1122,74.6218,3114.38
West Bengal,Rice,2021,3.58,218.2,18.03,27.63,1548.36,23.5334,88.1765,2875.38
Maharashtra,Wheat,2015,3.48,65.08,9.89,27.19,1090.96,18.7431,74.7566,2680.51
Maharashtra,Maize,2018,7.96,208.16,29.66,27.1,1068.28,19.8889,74.05,2507.09
Uttar Pradesh,Rice,2020,6.66,296.53,32.29,25.09,985.23,25.4597,80.1132,3161.4
Uttar Pradesh,Maize,2016,7.94,232.46,44.44,25.94,932.91,26.7593,80.468,2768.18
Maharashtra,Rice,2021,9.99,84.31,18.99,29.44,1048.94,18.5741,73.6301,2787.7
Uttar Pradesh,Rice,2020,2.02,60.0,49.76,28.21,966.14,26.2234,80.8048,3054.64
West Bengal,Maize,2016,4.36,57.35,3.38,27.32,1519.93,22.1425,88.5967,2147.14
West Bengal,Wheat,2023,7.09,172.35,29.11,30.16,1509.43,22.3638,87.0679,2457.96
Haryana,Maize,2020,4.12,215.78,36.29,24.89,573.68,29.932,76.6115,2688.56
West Bengal,Rice,2017,6.45,269.11,37.43,29.38,1402.65,22.5105,87.334,2710.69
Maharashtra,Wheat,2021,5.86,298.81,26.47,28.07,1016.69,19.365,73.3594,2904.28
West Bengal,Rice,2017,8.16,75.45,32.89,27.28,1539.43,23.3466,88.7446,2538.47
Punjab,Rice,2024,7.72,171.74,25.04,26.69,675.47,30.1336,74.1899,3230.91
Punjab,Maize,2017,7.38,113.97,26.32,23.73,569.61,30.1905,75.5654,2365.31
Uttar Pradesh,Rice,2020,4.48,206.19,44.05,28.22,974.96,27.6072,82.841,2876.79
West Bengal,Wheat,2020,9.65,127.31,38.23,29.71,1534.07,22.0916,87.2227,2318.26
Haryana,Maize,2015,9.71,173.98,39.33,25.28,648.01,28.6327,76.3203,2594.11
Punjab,Wheat,2018,9.17,266.65,23.94,24.53,649.76,30.4024,74.4173,2738.28
West Bengal,Wheat,2021,1.66,148.75,33.34,29.9,1599.91,22.7072,88.0529,2320.93
Uttar Pradesh,Maize,2023,3.47,215.03,13.19,28.1,993.02,25.6304,82.0388,2415.57
West Bengal,Wheat,2024,5.39,100.45,46.95,28.43,1538.8,23.8791,87.9415,2525.5
West Bengal,Rice,2022,1.02,228.31,36.13,28.82,1544.49,23.7641,87.9568,2639.57
Uttar Pradesh,Rice,2018,7.73,187.04,7.1,27.13,849.6,25.8069,80.198,2900.73
Uttar Pradesh,Wheat,2017,6.21,53.54,19.71,26.38,800.59,27.113,82.9631,2633.84
Maharashtra,Rice,2021,9.46,93.6,44.02,26.97,1073.25,18.7883,73.3378,3002.32
Uttar Pradesh,Maize,2017,8.36,203.91,48.91,26.49,837.31,25.6119,81.052,2627.36
West Bengal,Wheat,2021,8.28,220.22,4.3,30.26,1481.16,22.6589,87.0911,2490.86
Maharashtra,Rice,2023,1.08,195.65,18.08,29.22,1021.27,19.2027,73.3071,2970.89
Maharashtra,Rice,2019,4.26,146.42,12.32,28.27,1009.96,18.7922,74.3093,3017.17
Uttar Pradesh,Wheat,2016,2.06,124.87,41.05,28.62,834.99,26.9951,81.683,2675.99
Punjab,Wheat,2021,4.0,207.52,9.55,25.73,669.82,30.0189,75.2717,2955.63
Punjab,Wheat,2021,3.64,220.54,25.46,23.73,554.92,31.2562,74.9099,2743.91
Maharashtra,Maize,2015,8.31,96.46,17.58,29.87,1073.42,19.3775,74.0352,2276.01
Uttar Pradesh,Wheat,2024,3.97,253.65,14.18,25.22,826.27,26.3488,80.0998,2887.94
Punjab,Wheat,2023,8.47,178.38,49.08,24.14,728.2,31.2312,74.3965,2809.7
Punjab,Wheat,2017,6.89,209.89,31.34,24.64,587.68,30.4873,74.3634,2851.16
West Bengal,Rice,2023,3.29,186.85,22.43,29.12,1416.39,23.8698,87.6238,2929.31
Uttar Pradesh,Wheat,2015,1.85,124.71,21.8,27.11,971.78,26.3957,80.3362,2921.99
Punjab,Rice,2023,4.27,234.43,48.76,24.3,584.24,31.2581,74.0043,3056.7
Punjab,Rice,2023,6.85,58.16,7.35,23.15,630.32,31.4921,75.3068,2770.04
Uttar Pradesh,Wheat,2022,1.68,108.51,35.82,25.94,983.32,26.5142,81.4981,2976.75
Uttar Pradesh,Maize,2017,9.65,270.23,8.04,27.29,953.15,26.4644,81.3061,2373.85
Punjab,Maize,2022,1.2,288.52,32.02,23.48,563.16,30.0407,74.5353,2646.05
Uttar Pradesh,Maize,2023,6.29,131.5,6.65,26.36,958.52,26.1033,82.1925,2663.32
West Bengal,Wheat,2022,4.22,237.74,30.24,29.03,1539.43,23.5368,88.7768,2624.26
Maharashtra,Wheat,2015,3.53,238.34,3.76,26.46,929.61,18.8741,73.1668,2745.41
Maharashtra,Rice,2016,3.12,98.59,40.56,29.88,918.55,18.9211,74.7993,2803.17
Uttar Pradesh,Rice,2020,6.15,273.92,3.76,27.39,819.06,27.6165,81.658,3295.93
West Bengal,Rice,2024,4.05,66.33,25.67,27.32,1580.24,23.4288,87.399,2677.12
West Bengal,Maize,2015,6.17,91.31,21.26,28.44,1507.59,22.6021,87.8387,2204.4
West Bengal,Maize,2020,6.32,131.09,3.35,27.18,1527.76,23.1176,87.9471,2353.53
Haryana,Maize,2016,9.8,200.53,10.18,26.61,662.56,28.6354,76.5502,2463.63
West Bengal,Maize,2023,6.12,152.39,36.03,30.72,1522.59,23.0971,87.4759,2196.83
Maharashtra,Maize,2017,8.83,217.7,23.77,28.61,1016.85,19.1573,74.0922,2452.14
Haryana,Maize,2020,6.58,257.94,15.08,25.95,523.28,30.0979,76.1948,2644.81
Haryana,Rice,2022,9.61,145.41,46.49,27.37,686.45,28.7218,76.5227,3160.46
Punjab,Rice,2015,5.82,63.97,44.75,26.48,597.84,30.6506,74.5491,2928.99
West Bengal,Wheat,2017,9.94,226.24,42.81,29.66,1437.33,23.8774,87.9093,2405.06
West Bengal,Wheat,2024,8.49,73.66,3.1,27.27,1465.59,23.4147,87.2537,2300.15
Punjab,Maize,2016,9.89,191.25,11.88,24.83,672.3,31.0763,74.6701,2580.84
Haryana,Maize,2022,5.43,243.1,38.88,24.83,596.13,29.7281,76.44,2398.44
Maharashtra,Wheat,2016,5.51,259.94,36.51,28.14,1067.13,19.0367,74.2792,2985.6
Haryana,Maize,2023,7.87,163.53,26.16,27.16,601.88,30.3687,76.9786,2307.56
Maharashtra,Wheat,2016,6.52,50.7,44.32,26.5,943.42,19.6467,74.1252,2707.79
Punjab,Wheat,2016,1.37,238.53,42.66,25.29,671.43,30.8127,75.12,2696.24
Punjab,Rice,2018,3.96,202.98,15.36,26.92,728.03,30.6083,75.6136,2992.61
Maharashtra,Rice,2019,9.81,69.14,34.4,27.26,1089.21,18.3136,74.2202,2718.78
Punjab,Wheat,2017,4.95,288.33,8.79,24.21,623.06,31.3581,74.1375,2823.42
Maharashtra,Maize,2021,8.32,81.58,31.6,27.01,1099.95,19.1808,74.9205,2239.66
Uttar Pradesh,Maize,2019,6.55,96.94,28.73,26.99,973.29,25.2206,80.9474,2486.56
West Bengal,Maize,2021,4.05,97.81,8.23,27.48,1589.63,22.059,87.814,1983.59
Punjab,Maize,2015,7.85,92.43,18.27,23.52,667.82,31.0349,75.4152,2424.93
Maharashtra,Wheat,2022,4.74,185.67,22.79,29.72,1020.38,18.5784,73.3143,2667.05
West Bengal,Wheat,2017,3.13,112.68,28.98,30.18,1586.35,23.0502,87.3322,2477.66
Punjab,Maize,2019,5.25,109.45,30.67,26.75,704.75,31.1792,74.7742,2690.57
Haryana,Rice,2018,1.71,283.11,26.94,25.54,570.57,29.4274,76.3228,3230.5
Uttar Pradesh,Maize,2015,7.63,53.54,23.19,26.69,821.41,25.0477,82.1573,2407.25
Haryana,Rice,2016,4.37,91.23,38.61,25.74,574.13,28.8027,77.3044,3095.58
West Bengal,Maize,2022,8.65,200.32,23.74,28.05,1401.65,23.6033,88.8043,2407.88
Uttar Pradesh,Maize,2016,5.37,63.69,1.69,25.27,909.02,25.3598,81.2544,2329.11
Punjab,Wheat,2020,5.56,125.76,34.33,24.31,659.0,30.3746,74.6807,2662.6
Uttar Pradesh,Wheat,2021,9.45,224.66,10.53,28.99,875.72,25.1606,80.9461,2996.02
West Bengal,Wheat,2018,5.86,100.17,38.58,27.64,1567.58,23.5675,87.6365,2451.54
Haryana,Rice,2015,6.73,243.3,11.33,24.57,536.54,28.6406,77.2992,3035.27
West Bengal,Rice,2023,4.8,89.0,43.88,30.33,1564.13,23.6565,87.6876,2587.9
Punjab,Wheat,2018,9.78,121.44,28.16,25.38,595.9,30.763,75.8636,2924.12
Haryana,Wheat,2015,8.09,57.52,46.23,27.81,623.54,29.7711,76.1593,2630.66
Maharashtra,Wheat,2018,7.88,265.65,15.87,26.81,1077.31,18.4172,73.9164,2894.26
West Bengal,Maize,2016,5.85,293.27,2.9,27.58,1599.32,22.1394,88.239,2183.02
Punjab,Maize,2023,1.9,152.9,23.57,23.31,701.58,30.4172,74.3967,2636.8
Haryana,Maize,2016,3.84,132.42,46.97,25.09,519.42,30.3891,76.7671,2461.98
West Bengal,Maize,2021,8.94,266.42,30.18,29.74,1564.23,22.4471,88.4247,2303.7
Uttar Pradesh,Maize,2020,3.68,286.49,45.38,27.28,889.92,27.2607,82.5764,2598.58
Uttar Pradesh,Rice,2016,9.31,237.58,48.17,27.19,810.54,27.4359,81.5114,3035.16
Maharashtra,Maize,2015,1.29,91.78,40.38,28.34,908.33,18.0917,74.7068,2389.71
Punjab,Rice,2019,5.41,237.87,12.1,25.01,680.42,30.1839,74.4345,3083.66
Punjab,Wheat,2019,3.42,62.57,7.25,25.57,656.46,31.341,75.545,2703.64
Haryana,Wheat,2015,1.15,104.24,18.49,24.9,538.2,28.5456,77.308,2726.53
Haryana,Rice,2023,5.23,206.2,46.32,24.68,508.26,29.4504,77.0104,2951.64
Uttar Pradesh,Rice,2017,5.72,246.48,25.81,27.89,914.64,26.4629,82.8809,3073.4
Haryana,Wheat,2022,8.36,57.34,12.65,27.95,584.83,30.3139,76.3894,2507.66
West Bengal,Rice,2021,2.42,289.68,19.94,28.01,1416.82,22.6527,87.8664,2919.94
Punjab,Rice,2019,8.01,195.38,9.65,24.1,603.95,30.6684,75.7704,3188.55
Uttar Pradesh,Maize,2023,6.13,173.04,9.41,25.89,838.22,25.9807,82.2011,2596.66
Punjab,Rice,2022,3.65,252.06,9.89,25.83,681.43,30.2956,75.4493,3208.49
Punjab,Maize,2021,8.31,73.13,8.23,24.8,587.27,30.9422,74.7766,2521.94
Haryana,Maize,2016,9.83,266.81,17.53,27.17,611.39,29.6956,76.4739,2455.38
Haryana,Rice,2020,1.13,107.67,37.44,26.39,530.32,29.0974,76.4922,2851.91
Maharashtra,Maize,2016,9.97,123.13,35.95,29.79,1068.63,19.0399,73.9859,2282.77
Maharashtra,Wheat,2018,3.58,281.68,32.39,26.95,1007.81,19.1504,74.4665,2998.08
Punjab,Rice,2021,6.11,155.57,44.11,25.59,723.31,30.9566,75.6347,3007.81
Haryana,Rice,2018,7.29,212.89,16.94,27.51,644.23,29.434,77.0101,3033.13
Haryana,Wheat,2016,3.3,245.5,1.1,27.28,605.17,30.3862,77.3675,2707.74
Uttar Pradesh,Maize,2016,2.38,203.28,7.86,26.93,873.3,25.6908,81.2097,2654.12
Punjab,Rice,2023,3.94,54.28,48.94,25.01,638.1,30.223,74.6221,2944.8
Haryana,Rice,2020,9.49,247.38,29.82,25.51,596.08,29.7173,77.0839,3092.31
Punjab,Wheat,2022,8.34,52.99,36.64,25.55,612.51,30.0326,75.2106,2924.97
West Bengal,Maize,2023,9.97,161.07,41.76,29.82,1515.1,23.9124,88.5903,2334.87
Maharashtra,Rice,2022,4.33,293.21,16.82,26.8,944.41,19.7979,73.8613,3043.61
Punjab,Maize,2015,6.89,144.34,7.87,24.19,698.94,30.3638,74.3896,2331.58
Uttar Pradesh,Rice,2015,1.68,138.17,29.02,25.48,989.28,25.5264,80.5956,3001.68
Haryana,Maize,2020,6.12,73.5,36.66,24.62,553.99,30.4914,76.4425,2275.19
Haryana,Rice,2022,2.9,156.59,40.49,25.09,515.27,30.0328,76.2237,3164.44
Maharashtra,Rice,2018,6.5,255.35,10.67,27.48,1041.54,18.4645,73.1713,3020.41
Haryana,Rice,2023,4.84,280.15,24.35,25.54,564.95,30.3635,76.0713,3171.88
Punjab,Wheat,2016,6.57,55.42,35.52,25.71,560.09,30.6435,75.3091,2573.44
Uttar Pradesh,Maize,2023,3.15,60.28,41.2,27.77,903.33,25.9187,80.1716,2523.32
West Bengal,Rice,2015,6.2,282.22,44.26,29.85,1434.07,22.5716,88.91,2790.38
West Bengal,Wheat,2017,6.97,123.18,31.26,30.34,1550.95,22.5639,87.9497,2317.66
Punjab,Rice,2024,4.09,183.38,39.59,24.77,559.1,30.7397,74.3428,2860.85
Uttar Pradesh,Maize,2023,7.27,51.81,48.79,26.41,902.03,25.0256,81.0413,2580.21
Maharashtra,Maize,2018,1.7,61.6,24.44,29.39,924.87,18.6075,74.6106,2412.6
Maharashtra,Rice,2023,1.17,272.38,29.98,29.8,936.97,18.6823,74.015,2937.81
Punjab,Rice,2021,9.14,250.83,24.49,23.98,701.02,30.5752,74.4444,3086.89
Maharashtra,Rice,2015,1.05,148.27,16.37,28.16,929.6,19.3326,73.0679,3043.22
Punjab,Wheat,2021,8.47,254.11,43.15,26.51,698.66,30.3741,75.8212,2903.13
West Bengal,Wheat,2023,8.54,272.45,18.82,28.18,1462.6,22.8836,87.1407,2437.67
Uttar Pradesh,Rice,2022,3.68,228.69,40.47,27.62,878.12,26.2734,82.7035,3265.33
Punjab,Wheat,2019,1.42,119.93,27.72,26.37,597.86,31.4686,74.9627,2623.1
Punjab,Rice,2016,9.05,63.35,26.38,25.44,632.81,30.8541,75.8724,3046.44
West Bengal,Wheat,2016,7.27,168.5,49.14,28.21,1563.03,22.006,87.0322,2418.35
Punjab,Maize,2022,3.75,179.7,1.02,23.4,584.43,31.397,75.9536,2355.14
West Bengal,Maize,2015,3.89,262.16,31.77,30.84,1485.45,23.5744,88.1542,2205.88
Haryana,Wheat,2023,6.48,67.8,37.21,25.22,635.29,29.2893,77.2381,2709.19
West Bengal,Maize,2022,7.66,203.61,10.9,27.63,1524.73,23.0248,87.4135,2384.6
West Bengal,Wheat,2017,7.15,75.9,43.14,30.21,1416.29,23.0758,87.9845,2479.46
Maharashtra,Maize,2022,2.28,138.44,4.6,28.12,1013.94,18.4785,74.3478,2538.32
Punjab,Rice,2019,1.15,160.16,33.76,25.0,635.14,30.1423,74.9861,3213.75
Uttar Pradesh,Rice,2024,3.67,61.22,46.4,27.52,967.14,26.3928,80.9999,2780.32
Maharashtra,Rice,2024,3.37,123.78,20.42,28.14,1018.72,18.9173,74.9412,3059.22
Uttar Pradesh,Maize,2018,8.6,213.6,31.89,26.17,984.41,26.1538,81.4051,2390.06
West Bengal,Maize,2019,5.87,208.73,49.61,29.38,1428.1,23.3084,88.7328,2219.14
West Bengal,Maize,2022,5.48,241.99,9.87,30.23,1438.69,22.1134,87.2702,2247.5
Uttar Pradesh,Rice,2022,4.99,290.27,14.16,26.78,928.03,26.3217,81.8658,3086.5
Uttar Pradesh,Maize,2019,9.87,70.68,22.86,28.76,988.45,27.3839,82.3644,2289.0
Maharashtra,Rice,2015,6.79,208.96,7.0,27.2,925.18,19.73,73.0541,2891.23
West Bengal,Wheat,2022,7.57,175.78,11.09,30.04,1551.69,22.6365,88.5957,2501.49
Maharashtra,Wheat,2024,8.22,133.43,30.73,26.29,909.86,19.9787,74.5543,2810.69
Haryana,Wheat,2020,2.39,298.63,12.24,24.05,675.47,29.3343,77.4683,2721.48
Uttar Pradesh,Wheat,2019,9.88,232.84,49.16,25.03,854.18,26.212,80.3303,2960.08
Maharashtra,Wheat,2019,4.36,267.75,9.6,27.67,1058.66,19.0174,73.3445,2898.15
Haryana,Wheat,2024,7.29,282.84,38.4,24.96,623.32,29.4151,77.1272,2757.67
Punjab,Maize,2021,6.01,252.84,23.72,25.62,553.96,30.2383,75.6368,2412.42
West Bengal,Wheat,2019,2.99,139.41,13.71,29.9,1402.88,23.3368,87.672,2410.04
West Bengal,Rice,2016,1.83,110.77,40.75,29.97,1558.07,22.4174,87.3772,2789.93
Maharashtra,Wheat,2015,1.69,202.58,25.52,26.22,1039.47,18.4019,74.1641,2771.37
Punjab,Maize,2017,7.57,181.39,6.48,26.48,703.9,31.1178,74.9561,2362.7
Maharashtra,Wheat,2022,7.53,87.48,43.62,26.64,1010.96,19.0817,73.5445,2613.4
West Bengal,Wheat,2023,7.78,142.52,24.95,27.68,1400.85,22.6163,88.1366,2492.64
Haryana,Rice,2017,3.69,166.12,49.25,27.33,555.51,29.1177,77.4899,2807.38
West Bengal,Maize,2017,7.55,253.81,24.64,30.27,1457.13,23.8744,88.4202,2381.68
Punjab,Maize,2015,5.01,124.84,21.01,25.1,612.08,30.75,74.2571,2687.52
West Bengal,Wheat,2020,1.39,144.75,13.04,30.06,1525.68,22.0142,87.7023,2476.71
Uttar Pradesh,Wheat,2019,2.25,153.52,25.7,28.07,833.77,27.6588,82.4727,2736.16
Maharashtra,Maize,2017,4.24,144.25,29.52,29.06,1076.4,18.0563,73.1926,2322.36
Haryana,Wheat,2018,4.29,261.16,28.77,27.84,698.69,30.2312,77.2542,2858.95
Punjab,Wheat,2016,3.38,112.48,39.94,23.56,718.63,31.2195,75.1975,2870.23
Uttar Pradesh,Maize,2023,6.82,175.48,31.88,26.16,919.16,25.3766,81.416,2352.04
Maharashtra,Rice,2015,6.53,74.9,38.03,27.37,1058.59,19.4053,74.7677,2796.59
West Bengal,Rice,2021,3.17,197.27,45.35,29.74,1571.08,22.6577,87.9594,2904.61
Uttar Pradesh,Rice,2020,6.14,88.25,46.34,26.14,920.35,27.2405,82.2308,3073.75
Haryana,Maize,2020,9.08,81.95,31.32,25.86,605.87,29.8827,76.398,2322.81
Uttar Pradesh,Wheat,2018,3.4,118.1,9.62,27.55,894.91,26.0929,80.6882,2854.63
West Bengal,Maize,2015,9.33,274.33,5.48,29.82,1473.27,23.6027,88.2362,2451.37
Maharashtra,Maize,2016,5.16,164.06,24.93,29.76,1093.35,18.2639,74.6213,2322.04
Uttar Pradesh,Rice,2022,3.51,87.53,10.46,27.56,973.65,26.5768,81.3594,2845.9
West Bengal,Rice,2015,5.15,110.16,46.33,27.92,1416.24,22.7134,88.6133,2899.41
West Bengal,Rice,2016,3.65,257.01,10.7,28.56,1584.5,23.9586,88.3556,2782.78
Uttar Pradesh,Maize,2017,3.79,283.08,12.68,27.33,817.25,26.3098,81.082,2622.95
Uttar Pradesh,Rice,2019,6.93,228.57,36.01,28.89,954.43,25.5554,81.1508,3215.16
Haryana,Maize,2018,6.16,97.03,20.44,25.84,644.75,28.6266,77.1996,2366.23
Punjab,Wheat,2019,9.56,51.27,31.0,23.2,695.32,30.1379,75.9498,2772.25
Maharashtra,Rice,2020,8.73,174.56,23.0,26.55,1096.46,19.4165,74.7996,2832.27
Haryana,Wheat,2020,8.49,239.7,39.68,25.17,671.85,29.0308,76.286,2933.57
Punjab,Wheat,2021,7.38,218.89,33.55,25.11,569.82,30.4302,75.222,3015.64
Maharashtra,Rice,2023,8.0,267.17,10.72,27.35,1048.97,19.1282,74.8262,2906.55
Maharashtra,Maize,2020,6.65,148.68,14.99,28.51,905.13,18.9429,73.5847,2645.55
West Bengal,Maize,2015,9.85,255.02,15.31,30.5,1533.88,23.6925,88.7619,2142.27
Haryana,Rice,2020,3.12,161.67,31.04,25.62,639.55,28.6531,77.1995,2889.87
West Bengal,Wheat,2018,2.21,154.22,35.36,27.33,1466.3,23.7898,88.2665,2516.72
Punjab,Maize,2020,8.26,109.37,9.95,26.32,712.54,30.9528,75.3204,2420.61
West Bengal,Rice,2018,6.52,207.49,15.49,30.78,1535.52,22.9275,87.371,2730.21
Punjab,Wheat,2022,5.75,264.1,11.8,26.96,684.94,31.3294,74.8449,2942.64
Uttar Pradesh,Rice,2023,7.65,213.53,24.92,26.34,856.45,25.079,81.8282,3094.22
Punjab,Maize,2016,3.62,79.38,32.44,25.76,731.3,30.0021,74.0712,2414.35
Haryana,Rice,2022,1.6,113.29,24.5,26.93,618.55,29.3665,76.9435,2986.58
Uttar Pradesh,Rice,2019,2.63,82.49,28.59,28.96,831.65,26.5442,80.1277,3017.13
West Bengal,Wheat,2022,9.38,299.54,14.86,27.88,1477.0,22.5769,88.4754,2662.79
Punjab,Wheat,2023,9.29,96.71,24.16,25.33,700.69,30.167,74.446,2908.79
Haryana,Maize,2020,7.87,120.57,1.93,26.27,515.09,30.285,76.0763,2255.09
West Bengal,Wheat,2017,3.27,257.27,31.83,28.97,1473.16,22.3401,87.1121,2562.66
Uttar Pradesh,Maize,2021,7.03,212.07,32.8,26.63,976.3,25.185,81.1005,2421.98
Uttar Pradesh,Maize,2021,6.4,108.09,20.59,25.41,928.04,26.3524,81.7301,2546.2
Maharashtra,Wheat,2021,1.57,94.34,18.33,28.59,1058.42,19.8676,74.5223,2793.7
Maharashtra,Wheat,2024,6.86,79.74,8.92,28.51,919.78,19.226,73.0261,2743.86
Punjab,Wheat,2020,9.8,294.11,33.97,26.88,747.76,31.2113,74.9229,3135.82
Punjab,Wheat,2022,6.09,169.46,20.78,23.54,698.56,30.8721,74.7165,2710.77
Punjab,Rice,2018,1.06,67.79,20.31,24.16,630.4,30.8345,75.9277,2976.02
West Bengal,Wheat,2024,4.39,220.57,24.76,28.09,1583.09,23.6631,87.0623,2354.19
Uttar Pradesh,Maize,2024,1.14,134.13,8.02,26.7,854.67,26.3075,80.1331,2379.98
Punjab,Rice,2022,6.99,150.26,44.43,25.37,555.58,31.413,75.4954,2855.22
Maharashtra,Wheat,2018,7.85,165.97,32.3,27.23,1022.79,18.3559,73.9828,2797.31
Maharashtra,Wheat,2019,8.22,101.29,8.7,29.88,962.5,19.1796,74.4369,2625.96
West Bengal,Wheat,2015,7.86,129.52,22.71,29.08,1414.81,23.9673,88.873,2637.72
Maharashtra,Rice,2018,4.27,264.0,13.49,26.49,1021.83,19.1454,73.0791,2851.55
Haryana,Wheat,2015,2.11,193.2,49.57,24.55,501.29,29.744,76.3155,2769.87
Maharashtra,Rice,2018,4.68,202.4,14.6,28.99,918.85,18.2346,73.768,2877.86
West Bengal,Wheat,2022,7.94,81.09,23.15,27.45,1579.63,23.518,87.0237,2579.93
Maharashtra,Rice,2019,6.47,216.01,30.49,26.67,1041.77,19.3464,74.6979,3168.58
Uttar Pradesh,Wheat,2018,2.02,62.79,40.66,25.34,859.78,25.3471,82.0327,2683.68
Maharashtra,Wheat,2016,3.06,263.5,36.69,28.43,1079.65,19.0226,74.9167,2828.19
Punjab,Maize,2017,2.25,164.43,12.72,25.9,713.22,30.0393,75.2305,2722.52
Punjab,Wheat,2017,5.03,269.51,47.86,24.04,600.33,30.6053,75.0981,2954.84
Haryana,Rice,2016,5.66,152.35,42.69,26.46,635.87,29.7634,77.1295,3114.72
West Bengal,Maize,2020,1.46,210.26,11.42,27.07,1509.98,22.9478,88.0179,2196.3
Maharashtra,Maize,2023,6.94,162.57,20.34,28.1,1037.06,19.5507,73.6007,2450.62
Haryana,Wheat,2024,3.17,271.53,38.67,24.53,523.71,30.4399,76.8437,2810.25
Maharashtra,Maize,2020,8.56,286.63,41.22,29.77,932.99,18.7555,73.5591,2616.13
Punjab,Rice,2015,9.86,226.4,37.28,24.42,652.3,30.4844,74.7096,3203.8
Haryana,Rice,2016,7.72,165.4,4.46,26.38,677.97,28.9565,76.4146,3192.01
West Bengal,Maize,2020,1.49,124.13,9.95,30.03,1597.1,23.7137,87.5348,2166.77
West Bengal,Wheat,2016,1.61,178.18,45.52,27.26,1599.04,22.6971,88.8892,2319.49
Maharashtra,Rice,2024,4.06,230.18,9.08,28.89,926.1,18.6455,73.609,3110.55
West Bengal,Rice,2020,4.43,255.22,5.91,29.52,1462.56,22.6396,88.213,2930.55
Uttar Pradesh,Wheat,2018,7.98,217.3,19.51,25.88,871.83,26.4867,82.0253,2902.12
Punjab,Maize,2015,8.62,233.31,25.1,23.71,645.47,30.0887,74.8062,2636.35
Uttar Pradesh,Maize,2023,9.33,51.88,39.09,27.37,979.63,25.5114,80.8101,2256.04
Uttar Pradesh,Maize,2022,1.42,199.01,37.38,26.16,888.1,27.3226,80.9139,2723.99
Punjab,Wheat,2015,6.49,156.87,12.82,24.24,617.21,30.5655,75.2745,2980.34
Uttar Pradesh,Rice,2016,7.89,246.94,2.63,28.53,984.32,27.1863,82.0741,2833.98
Haryana,Maize,2023,1.47,190.59,41.77,26.55,660.23,29.1915,77.0458,2611.08
Punjab,Wheat,2022,4.1,92.78,38.05,24.32,717.7,30.8026,75.7009,2862.43
Maharashtra,Rice,2024,3.23,192.78,27.8,29.22,967.67,18.7424,74.7498,2910.57
Haryana,Maize,2023,7.78,220.86,40.0,24.62,692.12,28.8804,77.0213,2513.41
Maharashtra,Wheat,2020,3.32,292.38,15.04,28.03,1037.6,18.8041,73.809,2788.69
Punjab,Maize,2021,5.37,111.4,19.04,26.63,667.84,30.6876,74.452,2484.32
Haryana,Rice,2022,5.18,214.43,39.35,25.55,629.22,30.2193,76.0144,3058.3
Maharashtra,Wheat,2023,3.83,240.76,35.01,29.82,1017.08,19.1907,74.636,2645.53
Punjab,Wheat,2015,8.34,240.92,24.46,26.25,650.78,30.7654,75.8226,2820.97
Haryana,Maize,2024,5.78,150.81,44.95,26.3,554.53,29.345,76.8549,2665.1
Haryana,Rice,2022,2.66,104.96,14.18,25.79,641.35,29.4162,76.39,3155.96
Punjab,Wheat,2018,2.04,159.01,34.78,23.38,745.55,31.2113,74.2364,2863.84
Uttar Pradesh,Maize,2024,2.33,122.83,49.23,28.7,933.17,26.2254,80.6895,2310.21
Punjab,Maize,2020,1.58,228.47,3.76,25.97,694.0,30.5324,74.2934,2662.95
Punjab,Wheat,2016,6.2,95.03,42.15,23.26,649.43,30.0225,74.2984,2899.91
Uttar Pradesh,Maize,2022,2.39,81.44,6.55,28.85,921.54,25.3054,81.7918,2600.03
Haryana,Wheat,2015,4.69,121.91,41.37,26.37,609.95,29.0894,77.2735,2810.51
Uttar Pradesh,Maize,2021,5.24,129.57,42.44,25.02,930.26,26.8168,81.49,2647.21
West Bengal,Maize,2015,3.05,80.23,40.33,29.63,1520.32,23.6742,87.3654,2284.49
Maharashtra,Wheat,2021,6.83,157.8,49.12,29.52,1079.8,19.4849,73.8666,2614.85
Uttar Pradesh,Maize,2024,2.54,120.05,20.24,28.6,935.66,27.2052,80.6219,2513.18
Uttar Pradesh,Wheat,2015,9.35,255.97,29.99,26.0,899.9,27.4834,80.6998,2840.49
Maharashtra,Wheat,2015,7.46,159.57,19.74,27.37,1092.07,19.0799,73.9896,2871.19
Haryana,Wheat,2017,5.15,241.01,26.02,26.01,542.04,30.1211,77.4124,2777.38
Punjab,Rice,2016,1.24,119.87,24.71,24.32,587.43,31.4841,74.8486,3026.05
Punjab,Maize,2024,2.88,286.46,30.36,26.54,583.4,30.298,75.2557,2583.92
Punjab,Wheat,2023,4.03,109.38,15.12,23.99,556.64,30.9517,75.5182,2630.6
Haryana,Maize,2022,6.33,159.42,9.62,27.58,532.15,29.037,77.34,2437.85
West Bengal,Rice,2017,9.08,59.63,29.48,27.08,1478.05,23.9313,88.895,2600.91
West Bengal,Wheat,2018,9.96,172.12,45.11,28.13,1430.93,23.1164,87.2854,2679.15
Punjab,Maize,2017,3.27,255.89,37.65,23.88,722.28,30.8282,75.9241,2659.16
Uttar Pradesh,Rice,2020,8.42,200.85,11.2,26.51,895.56,27.6692,82.12,2913.81
West Bengal,Rice,2022,6.92,264.6,7.77,28.15,1563.22,23.2396,88.4474,2782.52
Uttar Pradesh,Maize,2021,4.47,211.28,40.88,27.36,916.0,25.7226,80.3444,2452.36
Haryana,Rice,2020,2.09,68.61,9.73,24.6,524.78,30.3054,77.3857,2815.25
Punjab,Maize,2024,2.92,274.85,13.73,24.61,573.54,30.5225,75.3371,2624.09
Punjab,Wheat,2018,1.13,296.11,1.15,24.22,568.48,30.2128,75.7133,2804.86
Punjab,Rice,2017,9.56,90.63,6.81,25.74,553.24,30.1859,74.8242,2722.98
Haryana,Wheat,2023,9.1,147.86,6.31,25.95,570.66,29.6221,76.7292,2782.49
Maharashtra,Rice,2024,7.17,164.48,3.48,29.76,1038.53,18.9711,74.2364,2744.79
West Bengal,Wheat,2022,8.61,287.23,28.88,29.96,1517.27,22.4092,88.8599,2711.79
Uttar Pradesh,Rice,2020,7.99,251.78,31.26,25.84,808.31,27.9651,80.3764,3318.7
Punjab,Maize,2022,5.87,216.75,28.59,26.07,602.56,31.1211,75.1791,2329.98
West Bengal,Rice,2022,5.36,82.66,29.33,27.06,1413.36,22.6739,88.2632,2850.38
Maharashtra,Wheat,2021,3.37,115.65,6.29,26.02,1078.01,19.638,74.6809,2839.6
Maharashtra,Rice,2019,6.52,237.87,2.93,28.4,1081.03,19.5766,73.0407,2954.35
